[2026-10-05T11:17:08.680Z] [INFO] Log started — output: E:\task\clonify.com\backend\output\stripe-com-56a93c — console mode: normal (DEBUG lines → log file only)
[2026-10-05T11:17:08.681Z] [INFO] 
CLONYFY v0.1
[2026-10-05T11:17:08.682Z] [INFO] Target      : https://stripe.com/
[2026-10-05T11:17:08.682Z] [INFO] Output      : E:\task\clonify.com\backend\output\stripe-com-56a93c
[2026-10-05T11:17:08.682Z] [INFO] Options     : max-pages=1 depth=1 concurrency=1 ignore-robots=false full-site=no verbose=false
[2026-10-05T11:17:08.682Z] [INFO] Log file    : E:\task\clonify.com\backend\output\stripe-com-56a93c\cloner.log
[2026-10-05T11:17:08.682Z] [INFO] Tip         : run with --verbose (or DEBUG=1) to see per-asset/rewrite detail on the console
[2026-10-05T11:17:08.682Z] [INFO] Checking robots.txt...
[2026-10-05T11:17:10.028Z] [INFO] robots.txt allows access
[2026-10-05T11:17:10.042Z] [INFO] 
Crawling...
[2026-10-05T11:17:10.662Z] [DEBUG]   [BROWSER] Playwright Chromium missing; using system msedge
[2026-10-05T11:17:14.395Z] [INFO]   Checking sitemap...
[2026-10-05T11:17:14.675Z] [INFO]   [1/1] https://stripe.com/
[2026-10-05T11:17:14.930Z] [DEBUG]   [NAV] -> https://stripe.com/
[2026-10-05T11:17:21.441Z] [DEBUG]   [NET] GET 200 text/css                       https://b.stripecdn.com/mkt-ssr-statics/assets/_next/static/css/5f8c822d1f0f2d3e.css
[2026-10-05T11:17:21.444Z] [DEBUG]   [CSS]   /_assets/423fb34d9c90392f.css  <-  https://b.stripecdn.com/mkt-ssr-statics/assets/_next/static/css/5f8c822d1f0f2d3e.css  (2.7KB, will rewrite urls)
[2026-10-05T11:17:21.444Z] [DEBUG]   [CSS REFS] 2 url() references in https://b.stripecdn.com/mkt-ssr-statics/assets/_next/static/css/5f8c822d1f0f2d3e.css
[2026-10-05T11:17:21.459Z] [DEBUG]   [NET] GET 200 font/woff2                     https://b.stripecdn.com/mkt-ssr-statics/assets/_next/static/media/SourceCodePro-Medium.f5ba3e6a.woff2
[2026-10-05T11:17:21.461Z] [DEBUG]   [ASSET] /_assets/dde324435529ffda.woff2  <-  https://b.stripecdn.com/mkt-ssr-statics/assets/_next/static/media/SourceCodePro-Medium.f5ba3e6a.woff2  (11.6KB, font/woff2)
[2026-10-05T11:17:21.561Z] [DEBUG]   [NET] GET 200 image/webp                     https://b.stripecdn.com/mkt-ssr-statics/assets/_next/static/media/palette-light.3c0e6604.webp
[2026-10-05T11:17:21.563Z] [DEBUG]   [ASSET] /_assets/e0e1b2ed5fd6737f.webp  <-  https://b.stripecdn.com/mkt-ssr-statics/assets/_next/static/media/palette-light.3c0e6604.webp  (11.3KB, image/webp)
[2026-10-05T11:17:21.649Z] [DEBUG]   [NET] GET 200 text/css                       https://b.stripecdn.com/mkt-ssr-statics/assets/_next/static/css/c27cf5158235e02f.css
[2026-10-05T11:17:21.651Z] [DEBUG]   [CSS]   /_assets/f6136b12bd327007.css  <-  https://b.stripecdn.com/mkt-ssr-statics/assets/_next/static/css/c27cf5158235e02f.css  (69.6KB, will rewrite urls)
[2026-10-05T11:17:21.710Z] [DEBUG]   [NET] GET 200 text/javascript                https://b.stripecdn.com/mkt-ssr-statics/assets/_next/static/chunks/99791.a7f741b779b23047.js
[2026-10-05T11:17:21.712Z] [DEBUG]   [ASSET] /_assets/cb394b674482e89b.js  <-  https://b.stripecdn.com/mkt-ssr-statics/assets/_next/static/chunks/99791.a7f741b779b23047.js  (4.8KB, text/javascript)
[2026-10-05T11:17:21.809Z] [DEBUG]   [NET] GET 200 text/javascript                https://b.stripecdn.com/mkt-ssr-statics/assets/_next/static/chunks/80221.6f83d3efbc15450f.js
[2026-10-05T11:17:21.810Z] [DEBUG]   [ASSET] /_assets/eda9ddb51b2a4338.js  <-  https://b.stripecdn.com/mkt-ssr-statics/assets/_next/static/chunks/80221.6f83d3efbc15450f.js  (3.0KB, text/javascript)
[2026-10-05T11:17:21.890Z] [DEBUG]   [NET] GET 200 text/javascript                https://b.stripecdn.com/mkt-ssr-statics/assets/_next/static/chunks/7205.b1fa6a14487cf1a1.js
[2026-10-05T11:17:21.891Z] [DEBUG]   [ASSET] /_assets/74b31e2e0398837d.js  <-  https://b.stripecdn.com/mkt-ssr-statics/assets/_next/static/chunks/7205.b1fa6a14487cf1a1.js  (2.4KB, text/javascript)
[2026-10-05T11:17:21.971Z] [DEBUG]   [NET] GET 200 text/javascript                https://b.stripecdn.com/mkt-ssr-statics/assets/_next/static/chunks/19809.c430770d9d3d416e.js
[2026-10-05T11:17:21.972Z] [DEBUG]   [ASSET] /_assets/73aa07bfaf6feb10.js  <-  https://b.stripecdn.com/mkt-ssr-statics/assets/_next/static/chunks/19809.c430770d9d3d416e.js  (6.3KB, text/javascript)
[2026-10-05T11:17:21.983Z] [DEBUG]   [NET] GET 200 text/javascript                https://b.stripecdn.com/mkt-ssr-statics/assets/_next/static/chunks/71852.81c310ec3e82a430.js
[2026-10-05T11:17:21.984Z] [DEBUG]   [NET] GET 200 text/javascript                https://b.stripecdn.com/mkt-ssr-statics/assets/_next/static/chunks/60090.b1106d7ba4bb0a2d.js
[2026-10-05T11:17:21.985Z] [DEBUG]   [ASSET] /_assets/c85eb8265e64c9b7.js  <-  https://b.stripecdn.com/mkt-ssr-statics/assets/_next/static/chunks/71852.81c310ec3e82a430.js  (2.4KB, text/javascript)
[2026-10-05T11:17:21.987Z] [DEBUG]   [ASSET] /_assets/5130996d5cb91357.js  <-  https://b.stripecdn.com/mkt-ssr-statics/assets/_next/static/chunks/60090.b1106d7ba4bb0a2d.js  (1.1KB, text/javascript)
[2026-10-05T11:17:22.012Z] [DEBUG]   [NET] GET 200 text/javascript                https://b.stripecdn.com/mkt-ssr-statics/assets/_next/static/chunks/7091.d2f7782899b74acc.js
[2026-10-05T11:17:22.013Z] [DEBUG]   [ASSET] /_assets/e5adaba548e6e949.js  <-  https://b.stripecdn.com/mkt-ssr-statics/assets/_next/static/chunks/7091.d2f7782899b74acc.js  (6.4KB, text/javascript)
[2026-10-05T11:17:22.030Z] [DEBUG]   [NET] GET 200 text/javascript                https://b.stripecdn.com/mkt-ssr-statics/assets/_next/static/chunks/68034.0146a4f17f232851.js
[2026-10-05T11:17:22.032Z] [DEBUG]   [ASSET] /_assets/7332706e9dcbfe84.js  <-  https://b.stripecdn.com/mkt-ssr-statics/assets/_next/static/chunks/68034.0146a4f17f232851.js  (6.5KB, text/javascript)
[2026-10-05T11:17:22.033Z] [DEBUG]   [NET] GET 200 text/javascript                https://b.stripecdn.com/mkt-ssr-statics/assets/_next/static/chunks/5129.a34f68478d58f408.js
[2026-10-05T11:17:22.034Z] [DEBUG]   [ASSET] /_assets/dc799332d1d38d0a.js  <-  https://b.stripecdn.com/mkt-ssr-statics/assets/_next/static/chunks/5129.a34f68478d58f408.js  (2.9KB, text/javascript)
[2026-10-05T11:17:22.041Z] [DEBUG]   [NET] GET 200 text/javascript                https://b.stripecdn.com/mkt-ssr-statics/assets/_next/static/chunks/87677.7dc97f2fc2aaa1dd.js
[2026-10-05T11:17:22.043Z] [DEBUG]   [ASSET] /_assets/644694c642b36234.js  <-  https://b.stripecdn.com/mkt-ssr-statics/assets/_next/static/chunks/87677.7dc97f2fc2aaa1dd.js  (0.8KB, text/javascript)
[2026-10-05T11:17:22.091Z] [DEBUG]   [NET] GET 200 text/javascript                https://b.stripecdn.com/mkt-ssr-statics/assets/_next/static/chunks/49957.a0c65e5a49d55b8c.js
[2026-10-05T11:17:22.092Z] [DEBUG]   [ASSET] /_assets/dc5dd1a4dba36b92.js  <-  https://b.stripecdn.com/mkt-ssr-statics/assets/_next/static/chunks/49957.a0c65e5a49d55b8c.js  (3.4KB, text/javascript)
[2026-10-05T11:17:22.110Z] [DEBUG]   [NET] GET 200 text/javascript                https://b.stripecdn.com/mkt-ssr-statics/assets/_next/static/chunks/53774.85ea79243f805251.js
[2026-10-05T11:17:22.111Z] [DEBUG]   [ASSET] /_assets/aee0115ae1665d11.js  <-  https://b.stripecdn.com/mkt-ssr-statics/assets/_next/static/chunks/53774.85ea79243f805251.js  (1.3KB, text/javascript)
[2026-10-05T11:17:22.130Z] [DEBUG]   [NET] GET 200 text/javascript                https://b.stripecdn.com/mkt-ssr-statics/assets/_next/static/chunks/51768.4d7a050d90b179c0.js
[2026-10-05T11:17:22.130Z] [DEBUG]   [ASSET] /_assets/070d68a1ede09bff.js  <-  https://b.stripecdn.com/mkt-ssr-statics/assets/_next/static/chunks/51768.4d7a050d90b179c0.js  (3.4KB, text/javascript)
[2026-10-05T11:17:22.161Z] [DEBUG]   [NET] GET 200 text/javascript                https://b.stripecdn.com/mkt-ssr-statics/assets/_next/static/chunks/5864.5d092bd2cc9749f2.js
[2026-10-05T11:17:22.163Z] [DEBUG]   [ASSET] /_assets/787788a6c50a1e73.js  <-  https://b.stripecdn.com/mkt-ssr-statics/assets/_next/static/chunks/5864.5d092bd2cc9749f2.js  (1.6KB, text/javascript)
[2026-10-05T11:17:22.180Z] [DEBUG]   [NET] GET 200 text/javascript                https://b.stripecdn.com/mkt-ssr-statics/assets/_next/static/chunks/3354.e3e2cde8cfef4b28.js
[2026-10-05T11:17:22.180Z] [DEBUG]   [NET] GET 200 text/javascript                https://b.stripecdn.com/mkt-ssr-statics/assets/_next/static/chunks/9830.a8fdfab45871ab24.js
[2026-10-05T11:17:22.181Z] [DEBUG]   [ASSET] /_assets/9b29a32eb92eb7b3.js  <-  https://b.stripecdn.com/mkt-ssr-statics/assets/_next/static/chunks/3354.e3e2cde8cfef4b28.js  (1.1KB, text/javascript)
[2026-10-05T11:17:22.182Z] [DEBUG]   [ASSET] /_assets/506e32f23e31f1ee.js  <-  https://b.stripecdn.com/mkt-ssr-statics/assets/_next/static/chunks/9830.a8fdfab45871ab24.js  (1.7KB, text/javascript)
[2026-10-05T11:17:22.190Z] [DEBUG]   [NET] GET 200 text/javascript                https://b.stripecdn.com/mkt-ssr-statics/assets/_next/static/chunks/49450.ba8bdeacb2ae3f4e.js
[2026-10-05T11:17:22.191Z] [DEBUG]   [ASSET] /_assets/d0189fcbd56af4c4.js  <-  https://b.stripecdn.com/mkt-ssr-statics/assets/_next/static/chunks/49450.ba8bdeacb2ae3f4e.js  (1.7KB, text/javascript)
[2026-10-05T11:17:22.211Z] [DEBUG]   [NET] GET 200 text/javascript                https://b.stripecdn.com/mkt-ssr-statics/assets/_next/static/chunks/28129.12e84712f6d5fccf.js
[2026-10-05T11:17:22.212Z] [DEBUG]   [ASSET] /_assets/58865c6a4aa35702.js  <-  https://b.stripecdn.com/mkt-ssr-statics/assets/_next/static/chunks/28129.12e84712f6d5fccf.js  (5.9KB, text/javascript)
[2026-10-05T11:17:22.248Z] [DEBUG]   [NET] GET 200 text/javascript                https://b.stripecdn.com/mkt-ssr-statics/assets/_next/static/chunks/29658.230298d5fcee0081.js
[2026-10-05T11:17:22.250Z] [DEBUG]   [ASSET] /_assets/31bf60494e35ada5.js  <-  https://b.stripecdn.com/mkt-ssr-statics/assets/_next/static/chunks/29658.230298d5fcee0081.js  (4.0KB, text/javascript)
[2026-10-05T11:17:22.275Z] [DEBUG]   [NET] GET 200 text/javascript                https://b.stripecdn.com/mkt-ssr-statics/assets/_next/static/chunks/52564.388449dd0b7cccb0.js
[2026-10-05T11:17:22.275Z] [DEBUG]   [NET] GET 200 text/javascript                https://b.stripecdn.com/mkt-ssr-statics/assets/_next/static/chunks/91774.2c27c7c1e7babb15.js
[2026-10-05T11:17:22.275Z] [DEBUG]   [NET] GET 200 text/javascript                https://b.stripecdn.com/mkt-ssr-statics/assets/_next/static/chunks/34507.6c1a77fb757fbdcc.js
[2026-10-05T11:17:22.276Z] [DEBUG]   [ASSET] /_assets/a5a66acbd36871bd.js  <-  https://b.stripecdn.com/mkt-ssr-statics/assets/_next/static/chunks/52564.388449dd0b7cccb0.js  (2.7KB, text/javascript)
[2026-10-05T11:17:22.277Z] [DEBUG]   [ASSET] /_assets/85a2a469f2bec63a.js  <-  https://b.stripecdn.com/mkt-ssr-statics/assets/_next/static/chunks/91774.2c27c7c1e7babb15.js  (3.4KB, text/javascript)
[2026-10-05T11:17:22.279Z] [DEBUG]   [ASSET] /_assets/e62bfebdba08708d.js  <-  https://b.stripecdn.com/mkt-ssr-statics/assets/_next/static/chunks/34507.6c1a77fb757fbdcc.js  (2.3KB, text/javascript)
[2026-10-05T11:17:22.301Z] [DEBUG]   [NET] GET 200 text/javascript                https://b.stripecdn.com/mkt-ssr-statics/assets/_next/static/chunks/67680.9cf78fa8c0374f08.js
[2026-10-05T11:17:22.303Z] [DEBUG]   [ASSET] /_assets/6ca397463f3ea4e6.js  <-  https://b.stripecdn.com/mkt-ssr-statics/assets/_next/static/chunks/67680.9cf78fa8c0374f08.js  (3.5KB, text/javascript)
[2026-10-05T11:17:22.304Z] [DEBUG]   [NET] GET 200 text/javascript                https://b.stripecdn.com/mkt-ssr-statics/assets/_next/static/chunks/42850.e2d829a9dc4349d0.js
[2026-10-05T11:17:22.305Z] [DEBUG]   [ASSET] /_assets/f5853ed666791b7c.js  <-  https://b.stripecdn.com/mkt-ssr-statics/assets/_next/static/chunks/42850.e2d829a9dc4349d0.js  (10.1KB, text/javascript)
[2026-10-05T11:17:22.330Z] [DEBUG]   [NET] GET 200 text/javascript                https://b.stripecdn.com/mkt-ssr-statics/assets/_next/static/chunks/77966.390e7bdff0da09d9.js
[2026-10-05T11:17:22.331Z] [DEBUG]   [ASSET] /_assets/415b326315eacb6f.js  <-  https://b.stripecdn.com/mkt-ssr-statics/assets/_next/static/chunks/77966.390e7bdff0da09d9.js  (3.3KB, text/javascript)
[2026-10-05T11:17:22.341Z] [DEBUG]   [NET] GET 200 text/javascript                https://b.stripecdn.com/mkt-ssr-statics/assets/_next/static/chunks/58519.e65e69443cb8c16b.js
[2026-10-05T11:17:22.342Z] [DEBUG]   [ASSET] /_assets/b8b983e3862d995b.js  <-  https://b.stripecdn.com/mkt-ssr-statics/assets/_next/static/chunks/58519.e65e69443cb8c16b.js  (6.3KB, text/javascript)
[2026-10-05T11:17:22.371Z] [DEBUG]   [NET] GET 200 text/javascript                https://b.stripecdn.com/mkt-ssr-statics/assets/_next/static/chunks/37218.87a522b13b7f7c89.js
[2026-10-05T11:17:22.371Z] [DEBUG]   [NET] GET 200 text/javascript                https://b.stripecdn.com/mkt-ssr-statics/assets/_next/static/chunks/96236.ce2e477d1a10900b.js
[2026-10-05T11:17:22.373Z] [DEBUG]   [ASSET] /_assets/03a1de5913e7f67b.js  <-  https://b.stripecdn.com/mkt-ssr-statics/assets/_next/static/chunks/37218.87a522b13b7f7c89.js  (16.5KB, text/javascript)
[2026-10-05T11:17:22.375Z] [DEBUG]   [ASSET] /_assets/cd18af081dd3572f.js  <-  https://b.stripecdn.com/mkt-ssr-statics/assets/_next/static/chunks/96236.ce2e477d1a10900b.js  (2.7KB, text/javascript)
[2026-10-05T11:17:22.387Z] [DEBUG]   [NET] GET 200 text/javascript                https://b.stripecdn.com/mkt-ssr-statics/assets/_next/static/chunks/17250.f68ff3bb5be98918.js
[2026-10-05T11:17:22.388Z] [DEBUG]   [ASSET] /_assets/23521d1bbc596f6b.js  <-  https://b.stripecdn.com/mkt-ssr-statics/assets/_next/static/chunks/17250.f68ff3bb5be98918.js  (2.7KB, text/javascript)
[2026-10-05T11:17:22.420Z] [DEBUG]   [NET] GET 200 text/javascript                https://b.stripecdn.com/mkt-ssr-statics/assets/_next/static/chunks/88303.29bfa7ac733c6c19.js
[2026-10-05T11:17:22.422Z] [DEBUG]   [ASSET] /_assets/56eda0894a6af8bc.js  <-  https://b.stripecdn.com/mkt-ssr-statics/assets/_next/static/chunks/88303.29bfa7ac733c6c19.js  (1.2KB, text/javascript)
[2026-10-05T11:17:22.430Z] [DEBUG]   [NET] GET 200 text/javascript                https://b.stripecdn.com/mkt-ssr-statics/assets/_next/static/chunks/11744.123cee29712c3808.js
[2026-10-05T11:17:22.431Z] [DEBUG]   [NET] GET 200 text/javascript                https://b.stripecdn.com/mkt-ssr-statics/assets/_next/static/chunks/71378.e90398e8f260e180.js
[2026-10-05T11:17:22.432Z] [DEBUG]   [ASSET] /_assets/366f765941d602fc.js  <-  https://b.stripecdn.com/mkt-ssr-statics/assets/_next/static/chunks/11744.123cee29712c3808.js  (2.9KB, text/javascript)
[2026-10-05T11:17:22.433Z] [DEBUG]   [ASSET] /_assets/382a17db4f71d9b2.js  <-  https://b.stripecdn.com/mkt-ssr-statics/assets/_next/static/chunks/71378.e90398e8f260e180.js  (3.2KB, text/javascript)
[2026-10-05T11:17:22.450Z] [DEBUG]   [NET] GET 200 text/javascript                https://b.stripecdn.com/mkt-ssr-statics/assets/_next/static/chunks/99498.012a085d63fca20f.js
[2026-10-05T11:17:22.451Z] [DEBUG]   [ASSET] /_assets/e6b097938563e1bd.js  <-  https://b.stripecdn.com/mkt-ssr-statics/assets/_next/static/chunks/99498.012a085d63fca20f.js  (3.9KB, text/javascript)
[2026-10-05T11:17:22.492Z] [DEBUG]   [NET] GET 200 text/javascript                https://b.stripecdn.com/mkt-ssr-statics/assets/_next/static/chunks/65975.8c8dca725ee94bae.js
[2026-10-05T11:17:22.493Z] [DEBUG]   [ASSET] /_assets/1903784337a4c129.js  <-  https://b.stripecdn.com/mkt-ssr-statics/assets/_next/static/chunks/65975.8c8dca725ee94bae.js  (10.9KB, text/javascript)
[2026-10-05T11:17:22.496Z] [DEBUG]   [NET] GET 200 text/javascript                https://b.stripecdn.com/mkt-ssr-statics/assets/_next/static/chunks/10613.33284403173d5b91.js
[2026-10-05T11:17:22.499Z] [DEBUG]   [ASSET] /_assets/8dc732b3ce2be916.js  <-  https://b.stripecdn.com/mkt-ssr-statics/assets/_next/static/chunks/10613.33284403173d5b91.js  (8.0KB, text/javascript)
[2026-10-05T11:17:22.560Z] [DEBUG]   [NET] GET 200 text/javascript                https://b.stripecdn.com/mkt-ssr-statics/assets/_next/static/chunks/12267-692ae55ed1c1ab04.js
[2026-10-05T11:17:22.561Z] [DEBUG]   [ASSET] /_assets/534f578592ca0ed6.js  <-  https://b.stripecdn.com/mkt-ssr-statics/assets/_next/static/chunks/12267-692ae55ed1c1ab04.js  (36.3KB, text/javascript)
[2026-10-05T11:17:22.892Z] [DEBUG]   [NET] GET 200 text/javascript                https://b.stripecdn.com/mkt-ssr-statics/assets/_next/static/chunks/99336-0abc93bde9d0d0c5.js
[2026-10-05T11:17:22.893Z] [DEBUG]   [ASSET] /_assets/883ab475200e7e9e.js  <-  https://b.stripecdn.com/mkt-ssr-statics/assets/_next/static/chunks/99336-0abc93bde9d0d0c5.js  (57.1KB, text/javascript)
[2026-10-05T11:17:22.930Z] [DEBUG]   [NET] GET 200 text/javascript                https://b.stripecdn.com/mkt-ssr-statics/assets/_next/static/chunks/66968-98e361718b3406c9.js
[2026-10-05T11:17:22.931Z] [DEBUG]   [ASSET] /_assets/cdfb1d11a7d7e86e.js  <-  https://b.stripecdn.com/mkt-ssr-statics/assets/_next/static/chunks/66968-98e361718b3406c9.js  (11.9KB, text/javascript)
[2026-10-05T11:17:23.192Z] [DEBUG]   [NET] GET 200 text/javascript                https://b.stripecdn.com/mkt-ssr-statics/assets/_next/static/chunks/webpack-c5e48a4e8a021fc2.js
[2026-10-05T11:17:23.194Z] [DEBUG]   [ASSET] /_assets/8c28f8116bcbaa7f.js  <-  https://b.stripecdn.com/mkt-ssr-statics/assets/_next/static/chunks/webpack-c5e48a4e8a021fc2.js  (40.6KB, text/javascript)
[2026-10-05T11:17:23.230Z] [DEBUG]   [NET] GET 200 text/javascript                https://b.stripecdn.com/mkt-ssr-statics/assets/_next/static/chunks/42322.4ab8445c63ef4103.js
[2026-10-05T11:17:23.232Z] [DEBUG]   [ASSET] /_assets/48426179fc345172.js  <-  https://b.stripecdn.com/mkt-ssr-statics/assets/_next/static/chunks/42322.4ab8445c63ef4103.js  (3.2KB, text/javascript)
[2026-10-05T11:17:23.270Z] [DEBUG]   [NET] GET 200 text/javascript                https://b.stripecdn.com/mkt-ssr-statics/assets/_next/static/chunks/77313-9fb99df8ba58fb39.js
[2026-10-05T11:17:23.270Z] [DEBUG]   [ASSET] /_assets/096734a4efc45a8d.js  <-  https://b.stripecdn.com/mkt-ssr-statics/assets/_next/static/chunks/77313-9fb99df8ba58fb39.js  (14.5KB, text/javascript)
[2026-10-05T11:17:23.300Z] [DEBUG]   [NET] GET 200 text/javascript                https://b.stripecdn.com/mkt-ssr-statics/assets/_next/static/chunks/10269.d3a19280ab0502eb.js
[2026-10-05T11:17:23.301Z] [DEBUG]   [ASSET] /_assets/09fb01182b134061.js  <-  https://b.stripecdn.com/mkt-ssr-statics/assets/_next/static/chunks/10269.d3a19280ab0502eb.js  (2.8KB, text/javascript)
[2026-10-05T11:17:23.323Z] [DEBUG]   [NET] GET 200 text/javascript                https://b.stripecdn.com/mkt-ssr-statics/assets/_next/static/chunks/97990-a1dcc9be8ef14915.js
[2026-10-05T11:17:23.324Z] [DEBUG]   [ASSET] /_assets/e7acad26c4a75888.js  <-  https://b.stripecdn.com/mkt-ssr-statics/assets/_next/static/chunks/97990-a1dcc9be8ef14915.js  (9.6KB, text/javascript)
[2026-10-05T11:17:23.330Z] [DEBUG]   [NET] GET 200 text/javascript                https://b.stripecdn.com/mkt-ssr-statics/assets/_next/static/chunks/25441-7caa2b849ec56b09.js
[2026-10-05T11:17:23.332Z] [DEBUG]   [ASSET] /_assets/667f523e2403f207.js  <-  https://b.stripecdn.com/mkt-ssr-statics/assets/_next/static/chunks/25441-7caa2b849ec56b09.js  (69.3KB, text/javascript)
[2026-10-05T11:17:23.401Z] [DEBUG]   [NET] GET 200 text/javascript                https://b.stripecdn.com/mkt-ssr-statics/assets/_next/static/chunks/71072-3c8d72488796c7fd.js
[2026-10-05T11:17:23.402Z] [DEBUG]   [ASSET] /_assets/3a102a567e14064f.js  <-  https://b.stripecdn.com/mkt-ssr-statics/assets/_next/static/chunks/71072-3c8d72488796c7fd.js  (20.5KB, text/javascript)
[2026-10-05T11:17:23.440Z] [DEBUG]   [NET] GET 200 text/javascript                https://b.stripecdn.com/mkt-ssr-statics/assets/_next/static/chunks/65355-6cf6a168299c7d96.js
[2026-10-05T11:17:23.441Z] [DEBUG]   [ASSET] /_assets/e080ebbf530763f6.js  <-  https://b.stripecdn.com/mkt-ssr-statics/assets/_next/static/chunks/65355-6cf6a168299c7d96.js  (6.5KB, text/javascript)
[2026-10-05T11:17:23.500Z] [DEBUG]   [NET] GET 200 text/javascript                https://b.stripecdn.com/mkt-ssr-statics/assets/_next/static/chunks/30365-78f863b9f8f98678.js
[2026-10-05T11:17:23.508Z] [DEBUG]   [ASSET] /_assets/61665192f0bec00c.js  <-  https://b.stripecdn.com/mkt-ssr-statics/assets/_next/static/chunks/30365-78f863b9f8f98678.js  (7.2KB, text/javascript)
[2026-10-05T11:17:23.530Z] [DEBUG]   [NET] GET 200 text/javascript                https://b.stripecdn.com/mkt-ssr-statics/assets/_next/static/chunks/12142-a5c1e2ae95f0a4e8.js
[2026-10-05T11:17:23.531Z] [DEBUG]   [ASSET] /_assets/c8f3ef626682a5a8.js  <-  https://b.stripecdn.com/mkt-ssr-statics/assets/_next/static/chunks/12142-a5c1e2ae95f0a4e8.js  (12.0KB, text/javascript)
[2026-10-05T11:17:23.550Z] [DEBUG]   [NET] GET 200 text/javascript                https://b.stripecdn.com/mkt-ssr-statics/assets/_next/static/chunks/36813-16ee21fbc389c3ca.js
[2026-10-05T11:17:23.551Z] [DEBUG]   [ASSET] /_assets/4bbef56356edd1f7.js  <-  https://b.stripecdn.com/mkt-ssr-statics/assets/_next/static/chunks/36813-16ee21fbc389c3ca.js  (11.4KB, text/javascript)
[2026-10-05T11:17:23.620Z] [DEBUG]   [NET] GET 200 text/javascript                https://b.stripecdn.com/mkt-ssr-statics/assets/_next/static/chunks/14480-e1d15d1178cd7be0.js
[2026-10-05T11:17:23.621Z] [DEBUG]   [ASSET] /_assets/93e882750699982a.js  <-  https://b.stripecdn.com/mkt-ssr-statics/assets/_next/static/chunks/14480-e1d15d1178cd7be0.js  (76.5KB, text/javascript)
[2026-10-05T11:17:23.710Z] [DEBUG]   [NET] GET 200 text/javascript                https://b.stripecdn.com/mkt-ssr-statics/assets/_next/static/chunks/63009-08e659033aa2e98f.js
[2026-10-05T11:17:23.712Z] [DEBUG]   [ASSET] /_assets/4949b62287241a26.js  <-  https://b.stripecdn.com/mkt-ssr-statics/assets/_next/static/chunks/63009-08e659033aa2e98f.js  (31.2KB, text/javascript)
[2026-10-05T11:17:23.880Z] [DEBUG]   [NET] GET 200 text/javascript                https://b.stripecdn.com/mkt-ssr-statics/assets/_next/static/chunks/1107-fd8421e8dc3ea178.js
[2026-10-05T11:17:23.881Z] [DEBUG]   [ASSET] /_assets/03faf9785e0aeb2b.js  <-  https://b.stripecdn.com/mkt-ssr-statics/assets/_next/static/chunks/1107-fd8421e8dc3ea178.js  (6.1KB, text/javascript)
[2026-10-05T11:17:23.896Z] [DEBUG]   [NET] GET 200 text/javascript                https://b.stripecdn.com/mkt-ssr-statics/assets/_next/static/chunks/35189-ef223f64ba01f34a.js
[2026-10-05T11:17:23.897Z] [DEBUG]   [ASSET] /_assets/69bace7039eb981f.js  <-  https://b.stripecdn.com/mkt-ssr-statics/assets/_next/static/chunks/35189-ef223f64ba01f34a.js  (19.6KB, text/javascript)
[2026-10-05T11:17:23.910Z] [DEBUG]   [NET] GET 200 text/javascript                https://b.stripecdn.com/mkt-ssr-statics/assets/_next/static/chunks/7654-b1a6b46b002e8325.js
[2026-10-05T11:17:23.911Z] [DEBUG]   [ASSET] /_assets/7ea6d68135441f39.js  <-  https://b.stripecdn.com/mkt-ssr-statics/assets/_next/static/chunks/7654-b1a6b46b002e8325.js  (43.8KB, text/javascript)
[2026-10-05T11:17:23.930Z] [DEBUG]   [NET] GET 200 text/javascript                https://b.stripecdn.com/mkt-ssr-statics/assets/_next/static/chunks/main-64c21da41e256517.js
[2026-10-05T11:17:23.931Z] [DEBUG]   [ASSET] /_assets/99e2853056aeed1c.js  <-  https://b.stripecdn.com/mkt-ssr-statics/assets/_next/static/chunks/main-64c21da41e256517.js  (116.4KB, text/javascript)
[2026-10-05T11:17:23.969Z] [DEBUG]   [NET] GET 200 text/javascript                https://b.stripecdn.com/mkt-ssr-statics/assets/_next/static/chunks/88866-8ac0b8721444ee25.js
[2026-10-05T11:17:23.970Z] [DEBUG]   [ASSET] /_assets/fa3ecce7041018cd.js  <-  https://b.stripecdn.com/mkt-ssr-statics/assets/_next/static/chunks/88866-8ac0b8721444ee25.js  (39.4KB, text/javascript)
[2026-10-05T11:17:24.000Z] [DEBUG]   [NET] GET 200 text/javascript                https://b.stripecdn.com/mkt-ssr-statics/assets/_next/static/chunks/61060-b388c6469ee70008.js
[2026-10-05T11:17:24.001Z] [DEBUG]   [ASSET] /_assets/a8f84584d663c2be.js  <-  https://b.stripecdn.com/mkt-ssr-statics/assets/_next/static/chunks/61060-b388c6469ee70008.js  (8.5KB, text/javascript)
[2026-10-05T11:17:24.020Z] [DEBUG]   [NET] GET 200 text/javascript                https://b.stripecdn.com/mkt-ssr-statics/assets/_next/static/chunks/14964-59ce2be9505eb6a6.js
[2026-10-05T11:17:24.020Z] [DEBUG]   [ASSET] /_assets/806fdff575fae995.js  <-  https://b.stripecdn.com/mkt-ssr-statics/assets/_next/static/chunks/14964-59ce2be9505eb6a6.js  (19.8KB, text/javascript)
[2026-10-05T11:17:24.090Z] [DEBUG]   [NET] GET 200 text/javascript                https://b.stripecdn.com/mkt-ssr-statics/assets/_next/static/chunks/3dfade9e-4ca93d92ac876e62.js
[2026-10-05T11:17:24.091Z] [DEBUG]   [ASSET] /_assets/46f70940f1c3406a.js  <-  https://b.stripecdn.com/mkt-ssr-statics/assets/_next/static/chunks/3dfade9e-4ca93d92ac876e62.js  (47.4KB, text/javascript)
[2026-10-05T11:17:24.100Z] [DEBUG]   [NET] GET 200 text/javascript                https://b.stripecdn.com/mkt-ssr-statics/assets/_next/static/2ptJqk4IQ6eDiNkK/UWsGv2MXCY%2BbUxm55sz0n%2B/tHo%3D/_ssgManifest.js
[2026-10-05T11:17:24.101Z] [DEBUG]   [ASSET] /_assets/65451d110137761b.js  <-  https://b.stripecdn.com/mkt-ssr-statics/assets/_next/static/2ptJqk4IQ6eDiNkK/UWsGv2MXCY%2BbUxm55sz0n%2B/tHo%3D/_ssgManifest.js  (0.1KB, text/javascript)
[2026-10-05T11:17:24.130Z] [DEBUG]   [NET] GET 200 text/javascript                https://b.stripecdn.com/mkt-ssr-statics/assets/_next/static/chunks/50479-a1dd2c0d234c06ee.js
[2026-10-05T11:17:24.131Z] [DEBUG]   [ASSET] /_assets/05f28042c8f3402f.js  <-  https://b.stripecdn.com/mkt-ssr-statics/assets/_next/static/chunks/50479-a1dd2c0d234c06ee.js  (13.4KB, text/javascript)
[2026-10-05T11:17:24.132Z] [DEBUG]   [NET] GET 200 text/javascript                https://b.stripecdn.com/mkt-ssr-statics/assets/_next/static/2ptJqk4IQ6eDiNkK/UWsGv2MXCY%2BbUxm55sz0n%2B/tHo%3D/_buildManifest.js
[2026-10-05T11:17:24.133Z] [DEBUG]   [ASSET] /_assets/da762336dc8d7792.js  <-  https://b.stripecdn.com/mkt-ssr-statics/assets/_next/static/2ptJqk4IQ6eDiNkK/UWsGv2MXCY%2BbUxm55sz0n%2B/tHo%3D/_buildManifest.js  (19.4KB, text/javascript)
[2026-10-05T11:17:24.182Z] [DEBUG]   [NET] GET 200 text/javascript                https://b.stripecdn.com/mkt-ssr-statics/assets/_next/static/chunks/8127-4564b87f7416a098.js
[2026-10-05T11:17:24.183Z] [DEBUG]   [ASSET] /_assets/fcaf9e4bf64209a1.js  <-  https://b.stripecdn.com/mkt-ssr-statics/assets/_next/static/chunks/8127-4564b87f7416a098.js  (28.1KB, text/javascript)
[2026-10-05T11:17:24.203Z] [DEBUG]   [NET] GET 200 text/javascript                https://b.stripecdn.com/mkt-ssr-statics/assets/_next/static/chunks/64353-3869b5ecb86cae16.js
[2026-10-05T11:17:24.204Z] [DEBUG]   [ASSET] /_assets/eff9ddfe77147892.js  <-  https://b.stripecdn.com/mkt-ssr-statics/assets/_next/static/chunks/64353-3869b5ecb86cae16.js  (33.6KB, text/javascript)
[2026-10-05T11:17:24.381Z] [DEBUG]   [NET] GET 200 text/javascript                https://b.stripecdn.com/mkt-ssr-statics/assets/_next/static/chunks/17504-d8af186f7630520d.js
[2026-10-05T11:17:24.382Z] [DEBUG]   [ASSET] /_assets/b1c549d23c9fefbc.js  <-  https://b.stripecdn.com/mkt-ssr-statics/assets/_next/static/chunks/17504-d8af186f7630520d.js  (6.6KB, text/javascript)
[2026-10-05T11:17:24.420Z] [DEBUG]   [NET] GET 200 text/javascript                https://b.stripecdn.com/mkt-ssr-statics/assets/_next/static/chunks/96173-1506b42e2ce87e34.js
[2026-10-05T11:17:24.422Z] [DEBUG]   [ASSET] /_assets/156c2f82a4b0c932.js  <-  https://b.stripecdn.com/mkt-ssr-statics/assets/_next/static/chunks/96173-1506b42e2ce87e34.js  (82.2KB, text/javascript)
[2026-10-05T11:17:24.523Z] [DEBUG]   [NET] GET 200 text/css                       https://b.stripecdn.com/mkt-ssr-statics/assets/_next/static/css/c3ca6e08b62a6ac3.css
[2026-10-05T11:17:24.524Z] [DEBUG]   [CSS]   /_assets/0a521ec69f6c12af.css  <-  https://b.stripecdn.com/mkt-ssr-statics/assets/_next/static/css/c3ca6e08b62a6ac3.css  (77.6KB, will rewrite urls)
[2026-10-05T11:17:24.652Z] [DEBUG]   [NET] GET 200 image/webp                     https://b.stripecdn.com/mkt-ssr-statics/assets/_next/static/media/wave-fallback-desktop-1x.fba6fa88.webp
[2026-10-05T11:17:24.654Z] [DEBUG]   [ASSET] /_assets/1a77c6c2bf555827.webp  <-  https://b.stripecdn.com/mkt-ssr-statics/assets/_next/static/media/wave-fallback-desktop-1x.fba6fa88.webp  (32.8KB, image/webp)
[2026-10-05T11:17:24.678Z] [DEBUG]   [NET] GET 200 text/css                       https://b.stripecdn.com/mkt-ssr-statics/assets/_next/static/css/e7d9191829f7c51a.css
[2026-10-05T11:17:24.681Z] [DEBUG]   [CSS]   /_assets/67725d292887008d.css  <-  https://b.stripecdn.com/mkt-ssr-statics/assets/_next/static/css/e7d9191829f7c51a.css  (297.3KB, will rewrite urls)
[2026-10-05T11:17:24.791Z] [DEBUG]   [NET] GET 200 text/javascript                https://b.stripecdn.com/mkt-ssr-statics/assets/_next/static/chunks/framework-bfbcaa5a2903bc7d.js
[2026-10-05T11:17:24.792Z] [DEBUG]   [ASSET] /_assets/d062a4da7d1e1f37.js  <-  https://b.stripecdn.com/mkt-ssr-statics/assets/_next/static/chunks/framework-bfbcaa5a2903bc7d.js  (136.7KB, text/javascript)
[2026-10-05T11:17:24.892Z] [DEBUG]   [NET] GET 200 text/javascript                https://b.stripecdn.com/mkt-ssr-statics/assets/_next/static/chunks/51092.558bf86d4d6d35cc.js
[2026-10-05T11:17:24.893Z] [DEBUG]   [ASSET] /_assets/0356b1985ba018e5.js  <-  https://b.stripecdn.com/mkt-ssr-statics/assets/_next/static/chunks/51092.558bf86d4d6d35cc.js  (2.7KB, text/javascript)
[2026-10-05T11:17:25.021Z] [DEBUG]   [NET] GET 200 text/javascript                https://b.stripecdn.com/mkt-ssr-statics/assets/_next/static/chunks/c67c952e-5362035f70172687.js
[2026-10-05T11:17:25.022Z] [DEBUG]   [ASSET] /_assets/36f2d6f035f494c7.js  <-  https://b.stripecdn.com/mkt-ssr-statics/assets/_next/static/chunks/c67c952e-5362035f70172687.js  (223.6KB, text/javascript)
[2026-10-05T11:17:25.310Z] [DEBUG]   [NET] GET 200 text/javascript                https://b.stripecdn.com/mkt-ssr-statics/assets/_next/static/chunks/55369f66-92e84f6aba0a73a8.js
[2026-10-05T11:17:25.311Z] [DEBUG]   [ASSET] /_assets/f28a9638805f3999.js  <-  https://b.stripecdn.com/mkt-ssr-statics/assets/_next/static/chunks/55369f66-92e84f6aba0a73a8.js  (313.8KB, text/javascript)
[2026-10-05T11:17:25.840Z] [DEBUG]   [NET] GET 200 font/woff2                     https://b.stripecdn.com/mkt-ssr-statics/assets/_next/static/media/Sohne.cb178166.woff2
[2026-10-05T11:17:25.842Z] [DEBUG]   [ASSET] /_assets/cf27a85f34f55643.woff2  <-  https://b.stripecdn.com/mkt-ssr-statics/assets/_next/static/media/Sohne.cb178166.woff2  (57.5KB, font/woff2)
[2026-10-05T11:17:26.000Z] [DEBUG]   [NET] GET 200 text/css                       https://b.stripecdn.com/mkt-ssr-statics/assets/_next/static/css/5abff0f798ddf7af.css
[2026-10-05T11:17:26.001Z] [DEBUG]   [CSS]   /_assets/16f654a97fc1e452.css  <-  https://b.stripecdn.com/mkt-ssr-statics/assets/_next/static/css/5abff0f798ddf7af.css  (32.8KB, will rewrite urls)
[2026-10-05T11:17:26.419Z] [DEBUG]   [NET] GET 200 text/javascript                https://b.stripecdn.com/mkt-ssr-statics/assets/_next/static/chunks/22074.bd02a94640605868.js
[2026-10-05T11:17:26.420Z] [DEBUG]   [ASSET] /_assets/5958e8df2d33e0f7.js  <-  https://b.stripecdn.com/mkt-ssr-statics/assets/_next/static/chunks/22074.bd02a94640605868.js  (2.0KB, text/javascript)
[2026-10-05T11:17:27.993Z] [DEBUG]   [NET] GET 200 text/javascript                https://b.stripecdn.com/mkt-ssr-statics/assets/_next/static/chunks/pages/index-f63c676f79abacef.js
[2026-10-05T11:17:27.995Z] [DEBUG]   [ASSET] /_assets/9a63448cf5ada8ce.js  <-  https://b.stripecdn.com/mkt-ssr-statics/assets/_next/static/chunks/pages/index-f63c676f79abacef.js  (1092.7KB, text/javascript)
[2026-10-05T11:17:28.106Z] [DEBUG]   [NET] GET 200 text/javascript                https://b.stripecdn.com/mkt-ssr-statics/assets/_next/static/chunks/pages/_app-913c76680e984f66.js
[2026-10-05T11:17:28.112Z] [DEBUG]   [ASSET] /_assets/2f1948a8fe534a23.js  <-  https://b.stripecdn.com/mkt-ssr-statics/assets/_next/static/chunks/pages/_app-913c76680e984f66.js  (2253.8KB, text/javascript)
[2026-10-05T11:17:28.382Z] [DEBUG]   [NAV] load fired for https://stripe.com/
[2026-10-05T11:17:29.102Z] [DEBUG]   [NET] GET 200 text/javascript                https://b.stripecdn.com/stripethirdparty-srv/assets/v33.1/PrivacyCompliance.2a784d61fe051092c5dd.bundle.js
[2026-10-05T11:17:29.103Z] [DEBUG]   [ASSET] /_assets/d18bfb10e9efe64d.js  <-  https://b.stripecdn.com/stripethirdparty-srv/assets/v33.1/PrivacyCompliance.2a784d61fe051092c5dd.bundle.js  (7.4KB, text/javascript)
[2026-10-05T11:17:29.301Z] [DEBUG]   [NET] GET 200 image/webp                     https://images.stripeassets.com/fzn2n1nzq965/vYmk6v8n7oDAwbDpwhjV6/846f9b3e214549b8f14e2b8c8cfe9343/payment-bento-background.jpg?w=860&fm=webp&q=80
[2026-10-05T11:17:29.302Z] [DEBUG]   [ASSET] /_assets/f0befa3f7f898c1e.jpg  <-  https://images.stripeassets.com/fzn2n1nzq965/vYmk6v8n7oDAwbDpwhjV6/846f9b3e214549b8f14e2b8c8cfe9343/payment-bento-background.jpg?w=860&fm=webp&q=80  (12.4KB, image/webp)
[2026-10-05T11:17:29.304Z] [DEBUG]   [NET] GET 200 text/javascript                https://b.stripecdn.com/mkt-ssr-statics/assets/_next/static/chunks/98932.192b84a46be184c5.js
[2026-10-05T11:17:29.316Z] [DEBUG]   [ASSET] /_assets/5cc8c50bb18293fb.js  <-  https://b.stripecdn.com/mkt-ssr-statics/assets/_next/static/chunks/98932.192b84a46be184c5.js  (2.7KB, text/javascript)
[2026-10-05T11:17:29.341Z] [DEBUG]   [NET] GET 200 image/png                      https://b.stripecdn.com/mkt-ssr-statics/assets/_next/static/media/map-dots.0f396e3d.png
[2026-10-05T11:17:29.354Z] [DEBUG]   [ASSET] /_assets/c2dac65ad8ec3015.png  <-  https://b.stripecdn.com/mkt-ssr-statics/assets/_next/static/media/map-dots.0f396e3d.png  (71.4KB, image/png)
[2026-10-05T11:17:29.357Z] [DEBUG]   [NET] GET 200 text/javascript                https://b.stripecdn.com/mkt-ssr-statics/assets/_next/static/chunks/36322.1afe8adb9afbca38.js
[2026-10-05T11:17:29.358Z] [DEBUG]   [ASSET] /_assets/37f1d15efc86b72e.js  <-  https://b.stripecdn.com/mkt-ssr-statics/assets/_next/static/chunks/36322.1afe8adb9afbca38.js  (7.2KB, text/javascript)
[2026-10-05T11:17:29.395Z] [DEBUG]   [NET] GET 200 text/javascript                https://b.stripecdn.com/stripethirdparty-srv/assets/v33.1/vendors~AddressAutocomplete~AffirmInContext~AfterpayInContext~AlgoliaSearch~AmazonPayButton~ApplePay~834487d7.1fe7f389cb7255baebcd.bundle.js
[2026-10-05T11:17:29.396Z] [DEBUG]   [ASSET] /_assets/4d1417110ca9c88d.js  <-  https://b.stripecdn.com/stripethirdparty-srv/assets/v33.1/vendors~AddressAutocomplete~AffirmInContext~AfterpayInContext~AlgoliaSearch~AmazonPayButton~ApplePay~834487d7.1fe7f389cb7255baebcd.bundle.js  (83.8KB, text/javascript)
[2026-10-05T11:17:29.542Z] [DEBUG]   [NET] GET 200 application/json               https://stripe.com/cookie-settings/enforcement-mode
[2026-10-05T11:17:29.795Z] [DEBUG]   [NET] GET 200 text/css                       https://b.stripecdn.com/mkt-ssr-statics/assets/_next/static/css/d829866f0dc0cad9.css
[2026-10-05T11:17:29.796Z] [DEBUG]   [CSS]   /_assets/eda15bd86861bcae.css  <-  https://b.stripecdn.com/mkt-ssr-statics/assets/_next/static/css/d829866f0dc0cad9.css  (15.5KB, will rewrite urls)
[2026-10-05T11:17:29.811Z] [DEBUG]   [NET] GET 200 text/javascript                https://b.stripecdn.com/mkt-ssr-statics/assets/_next/static/chunks/381.e5412f4f1f65a369.js
[2026-10-05T11:17:29.812Z] [DEBUG]   [ASSET] /_assets/ffd95314cc6af2a7.js  <-  https://b.stripecdn.com/mkt-ssr-statics/assets/_next/static/chunks/381.e5412f4f1f65a369.js  (7.5KB, text/javascript)
[2026-10-05T11:17:29.911Z] [DEBUG]   [NET] GET 200 text/javascript                https://b.stripecdn.com/mkt-ssr-statics/assets/_next/static/chunks/99022.4219f29e8d5509a2.js
[2026-10-05T11:17:29.912Z] [DEBUG]   [ASSET] /_assets/b206a9358f289025.js  <-  https://b.stripecdn.com/mkt-ssr-statics/assets/_next/static/chunks/99022.4219f29e8d5509a2.js  (6.5KB, text/javascript)
[2026-10-05T11:17:29.961Z] [DEBUG]   [NET] GET 200 text/javascript                https://b.stripecdn.com/mkt-ssr-statics/assets/_next/static/chunks/16240.3f53b1a8e0708700.js
[2026-10-05T11:17:29.962Z] [DEBUG]   [ASSET] /_assets/390105c7637f677c.js  <-  https://b.stripecdn.com/mkt-ssr-statics/assets/_next/static/chunks/16240.3f53b1a8e0708700.js  (60.6KB, text/javascript)
[2026-10-05T11:17:30.001Z] [DEBUG]   [NET] GET 200 text/javascript                https://b.stripecdn.com/mkt-ssr-statics/assets/_next/static/chunks/34526.402e69923f934d0a.js
[2026-10-05T11:17:30.002Z] [DEBUG]   [ASSET] /_assets/ee6c630426eae3e9.js  <-  https://b.stripecdn.com/mkt-ssr-statics/assets/_next/static/chunks/34526.402e69923f934d0a.js  (35.2KB, text/javascript)
[2026-10-05T11:17:30.045Z] [DEBUG]   [NET] GET 200 text/css                       https://b.stripecdn.com/mkt-ssr-statics/assets/_next/static/css/7fe9607f2fcd2964.css
[2026-10-05T11:17:30.047Z] [DEBUG]   [CSS]   /_assets/cdb85f4599e86b60.css  <-  https://b.stripecdn.com/mkt-ssr-statics/assets/_next/static/css/7fe9607f2fcd2964.css  (0.3KB, will rewrite urls)
[2026-10-05T11:17:30.047Z] [DEBUG]   [NET] GET 200 text/javascript                https://b.stripecdn.com/mkt-ssr-statics/assets/_next/static/chunks/55849.d65332b04329bd50.js
[2026-10-05T11:17:30.049Z] [DEBUG]   [ASSET] /_assets/c01dec9241c85d5e.js  <-  https://b.stripecdn.com/mkt-ssr-statics/assets/_next/static/chunks/55849.d65332b04329bd50.js  (21.6KB, text/javascript)
[2026-10-05T11:17:30.051Z] [DEBUG]   [NET] GET 200 text/javascript                https://b.stripecdn.com/mkt-ssr-statics/assets/_next/static/chunks/68178.9c7f3e69ecf021ec.js
[2026-10-05T11:17:30.052Z] [DEBUG]   [ASSET] /_assets/c07beb5b6c068050.js  <-  https://b.stripecdn.com/mkt-ssr-statics/assets/_next/static/chunks/68178.9c7f3e69ecf021ec.js  (3.6KB, text/javascript)
[2026-10-05T11:17:30.111Z] [DEBUG]   [NET] GET 200 text/javascript                https://b.stripecdn.com/mkt-ssr-statics/assets/_next/static/chunks/18586.ba8b85077504376c.js
[2026-10-05T11:17:30.113Z] [DEBUG]   [ASSET] /_assets/bfd69c8dfeb53905.js  <-  https://b.stripecdn.com/mkt-ssr-statics/assets/_next/static/chunks/18586.ba8b85077504376c.js  (3.1KB, text/javascript)
[2026-10-05T11:17:30.113Z] [DEBUG]   [NET] GET 200 text/javascript                https://b.stripecdn.com/mkt-ssr-statics/assets/_next/static/chunks/98611.11988a61b0f957af.js
[2026-10-05T11:17:30.115Z] [DEBUG]   [ASSET] /_assets/472806e788e2508a.js  <-  https://b.stripecdn.com/mkt-ssr-statics/assets/_next/static/chunks/98611.11988a61b0f957af.js  (23.1KB, text/javascript)
[2026-10-05T11:17:30.152Z] [DEBUG]   [NET] GET 200 text/javascript                https://b.stripecdn.com/mkt-ssr-statics/assets/_next/static/chunks/22990.a6695bcd9a278804.js
[2026-10-05T11:17:30.153Z] [DEBUG]   [ASSET] /_assets/01c31d6a099a25ec.js  <-  https://b.stripecdn.com/mkt-ssr-statics/assets/_next/static/chunks/22990.a6695bcd9a278804.js  (11.7KB, text/javascript)
[2026-10-05T11:17:30.210Z] [DEBUG]   [NET] GET 200 image/webp                     https://b.stripecdn.com/mkt-ssr-statics/assets/_next/static/media/palette-dark.f0e6c049.webp
[2026-10-05T11:17:30.212Z] [DEBUG]   [ASSET] /_assets/5bde014b16014103.webp  <-  https://b.stripecdn.com/mkt-ssr-statics/assets/_next/static/media/palette-dark.f0e6c049.webp  (4.3KB, image/webp)
[2026-10-05T11:17:30.213Z] [DEBUG]   [NET] GET 200 text/css                       https://b.stripecdn.com/mkt-ssr-statics/assets/_next/static/css/5e8a245fcb880dab.css
[2026-10-05T11:17:30.214Z] [DEBUG]   [CSS]   /_assets/d4bf084b32dd8155.css  <-  https://b.stripecdn.com/mkt-ssr-statics/assets/_next/static/css/5e8a245fcb880dab.css  (0.1KB, will rewrite urls)
[2026-10-05T11:17:30.571Z] [DEBUG]   [NET] GET 200 text/javascript                https://b.stripecdn.com/mkt-ssr-statics/assets/_next/static/chunks/40414.c172ecebf8073b3f.js
[2026-10-05T11:17:30.573Z] [DEBUG]   [ASSET] /_assets/75ba0d1fa81ae61c.js  <-  https://b.stripecdn.com/mkt-ssr-statics/assets/_next/static/chunks/40414.c172ecebf8073b3f.js  (96.0KB, text/javascript)
[2026-10-05T11:17:30.802Z] [DEBUG]   [NET] GET 200 image/webp                     https://images.stripeassets.com/fzn2n1nzq965/4pgzNLGJpUIMoJXTPNLMW6/ea9e8bb72aeef5ac645a7ad41d2427f6/Mask_group__2_.png?w=384&fm=webp&q=90
[2026-10-05T11:17:30.803Z] [DEBUG]   [ASSET] /_assets/f88b1e2e1786dd98.png  <-  https://images.stripeassets.com/fzn2n1nzq965/4pgzNLGJpUIMoJXTPNLMW6/ea9e8bb72aeef5ac645a7ad41d2427f6/Mask_group__2_.png?w=384&fm=webp&q=90  (9.2KB, image/webp)
[2026-10-05T11:17:31.740Z] [DEBUG]   [ABORT] https://r.stripe.com/0
[2026-10-05T11:17:31.741Z] [DEBUG]   [ABORT] https://r.stripe.com/0
[2026-10-05T11:17:31.742Z] [DEBUG]   [ABORT] https://r.stripe.com/0
[2026-10-05T11:17:31.742Z] [DEBUG]   [ABORT] https://r.stripe.com/0
[2026-10-05T11:17:31.742Z] [DEBUG]   [ABORT] https://r.stripe.com/0
[2026-10-05T11:17:31.743Z] [DEBUG]   [ABORT] https://r.stripe.com/0
[2026-10-05T11:17:31.743Z] [DEBUG]   [ABORT] https://r.stripe.com/0
[2026-10-05T11:17:31.743Z] [DEBUG]   [ABORT] https://r.stripe.com/0
[2026-10-05T11:17:31.743Z] [DEBUG]   [ABORT] https://r.stripe.com/0
[2026-10-05T11:17:31.744Z] [DEBUG]   [ABORT] https://r.stripe.com/0
[2026-10-05T11:17:31.745Z] [DEBUG]   [ABORT] https://r.stripe.com/0
[2026-10-05T11:17:31.745Z] [DEBUG]   [ABORT] https://r.stripe.com/0
[2026-10-05T11:17:31.745Z] [DEBUG]   [ABORT] https://r.stripe.com/0
[2026-10-05T11:17:31.746Z] [DEBUG]   [ABORT] https://r.stripe.com/0
[2026-10-05T11:17:31.746Z] [DEBUG]   [ABORT] https://r.stripe.com/0
[2026-10-05T11:17:31.748Z] [DEBUG]   [CONSOLE ERROR] Failed to load resource: net::ERR_FAILED
[2026-10-05T11:17:31.749Z] [DEBUG]   [CONSOLE ERROR] Failed to load resource: net::ERR_FAILED
[2026-10-05T11:17:31.749Z] [DEBUG]   [CONSOLE ERROR] Failed to load resource: net::ERR_FAILED
[2026-10-05T11:17:31.749Z] [DEBUG]   [CONSOLE ERROR] Failed to load resource: net::ERR_FAILED
[2026-10-05T11:17:31.749Z] [DEBUG]   [CONSOLE ERROR] Failed to load resource: net::ERR_FAILED
[2026-10-05T11:17:31.750Z] [DEBUG]   [CONSOLE ERROR] Failed to load resource: net::ERR_FAILED
[2026-10-05T11:17:31.750Z] [DEBUG]   [CONSOLE ERROR] Failed to load resource: net::ERR_FAILED
[2026-10-05T11:17:31.750Z] [DEBUG]   [CONSOLE ERROR] Failed to load resource: net::ERR_FAILED
[2026-10-05T11:17:31.750Z] [DEBUG]   [CONSOLE ERROR] Failed to load resource: net::ERR_FAILED
[2026-10-05T11:17:31.750Z] [DEBUG]   [CONSOLE ERROR] Failed to load resource: net::ERR_FAILED
[2026-10-05T11:17:31.750Z] [DEBUG]   [CONSOLE ERROR] Failed to load resource: net::ERR_FAILED
[2026-10-05T11:17:31.750Z] [DEBUG]   [CONSOLE ERROR] Failed to load resource: net::ERR_FAILED
[2026-10-05T11:17:31.750Z] [DEBUG]   [CONSOLE ERROR] Failed to load resource: net::ERR_FAILED
[2026-10-05T11:17:31.750Z] [DEBUG]   [CONSOLE ERROR] Failed to load resource: net::ERR_FAILED
[2026-10-05T11:17:31.750Z] [DEBUG]   [CONSOLE ERROR] Failed to load resource: net::ERR_FAILED
[2026-10-05T11:17:31.911Z] [DEBUG]   [NET] GET 200 image/webp                     https://images.stripeassets.com/fzn2n1nzq965/2rL4pJabxq9Yo0haXwK2HO/83c05122b463c882c8c89111154d77ec/shirt-blue.png?w=160&fm=webp&q=90
[2026-10-05T11:17:31.912Z] [DEBUG]   [ASSET] /_assets/53c6ae91b5b12721.png  <-  https://images.stripeassets.com/fzn2n1nzq965/2rL4pJabxq9Yo0haXwK2HO/83c05122b463c882c8c89111154d77ec/shirt-blue.png?w=160&fm=webp&q=90  (5.4KB, image/webp)
[2026-10-05T11:17:32.001Z] [DEBUG]   [NET] GET 200 text/javascript                https://b.stripecdn.com/mkt-ssr-statics/assets/_next/static/chunks/19746.9df71424abd2f4c8.js
[2026-10-05T11:17:32.002Z] [DEBUG]   [ASSET] /_assets/3b8f581cc10cb95c.js  <-  https://b.stripecdn.com/mkt-ssr-statics/assets/_next/static/chunks/19746.9df71424abd2f4c8.js  (3.2KB, text/javascript)
[2026-10-05T11:17:32.012Z] [DEBUG]   [NET] GET 200 text/javascript                https://b.stripecdn.com/mkt-ssr-statics/assets/_next/static/chunks/49000.786a72ee2b0e7b7d.js
[2026-10-05T11:17:32.014Z] [DEBUG]   [ASSET] /_assets/fe1a4ed69d6d4ba4.js  <-  https://b.stripecdn.com/mkt-ssr-statics/assets/_next/static/chunks/49000.786a72ee2b0e7b7d.js  (0.7KB, text/javascript)
[2026-10-05T11:17:32.014Z] [DEBUG]   [NET] GET 200 text/javascript                https://b.stripecdn.com/mkt-ssr-statics/assets/_next/static/chunks/76948.50ae4f1e160832d6.js
[2026-10-05T11:17:32.016Z] [DEBUG]   [ASSET] /_assets/2e1137a3f6398bf7.js  <-  https://b.stripecdn.com/mkt-ssr-statics/assets/_next/static/chunks/76948.50ae4f1e160832d6.js  (11.5KB, text/javascript)
[2026-10-05T11:17:32.053Z] [DEBUG]   [NET] GET 200 text/javascript                https://b.stripecdn.com/mkt-ssr-statics/assets/_next/static/chunks/65696.b5aa141b167d07ea.js
[2026-10-05T11:17:32.054Z] [DEBUG]   [NET] GET 200 text/javascript                https://b.stripecdn.com/mkt-ssr-statics/assets/_next/static/chunks/40509.ccdff46ae6435062.js
[2026-10-05T11:17:32.055Z] [DEBUG]   [ASSET] /_assets/c092e1e4cec289ff.js  <-  https://b.stripecdn.com/mkt-ssr-statics/assets/_next/static/chunks/65696.b5aa141b167d07ea.js  (1.5KB, text/javascript)
[2026-10-05T11:17:32.055Z] [DEBUG]   [NET] GET 200 text/javascript                https://b.stripecdn.com/mkt-ssr-statics/assets/_next/static/chunks/50062.caa917236d742cdb.js
[2026-10-05T11:17:32.056Z] [DEBUG]   [ASSET] /_assets/0bd1b1aa53b781a3.js  <-  https://b.stripecdn.com/mkt-ssr-statics/assets/_next/static/chunks/40509.ccdff46ae6435062.js  (0.7KB, text/javascript)
[2026-10-05T11:17:32.057Z] [DEBUG]   [ASSET] /_assets/b9617308f4b3de44.js  <-  https://b.stripecdn.com/mkt-ssr-statics/assets/_next/static/chunks/50062.caa917236d742cdb.js  (0.7KB, text/javascript)
[2026-10-05T11:17:32.082Z] [DEBUG]   [NET] GET 200 text/javascript                https://b.stripecdn.com/mkt-ssr-statics/assets/_next/static/chunks/52199.e0d7501985754d89.js
[2026-10-05T11:17:32.082Z] [DEBUG]   [NET] GET 200 text/javascript                https://b.stripecdn.com/mkt-ssr-statics/assets/_next/static/chunks/88253.5bee1aec975e6ef0.js
[2026-10-05T11:17:32.083Z] [DEBUG]   [NET] GET 200 text/javascript                https://b.stripecdn.com/mkt-ssr-statics/assets/_next/static/chunks/35644.a88a357b14ca4247.js
[2026-10-05T11:17:32.084Z] [DEBUG]   [ASSET] /_assets/b81ae1f224a5d773.js  <-  https://b.stripecdn.com/mkt-ssr-statics/assets/_next/static/chunks/52199.e0d7501985754d89.js  (2.5KB, text/javascript)
[2026-10-05T11:17:32.085Z] [DEBUG]   [ASSET] /_assets/41ae6ee981002722.js  <-  https://b.stripecdn.com/mkt-ssr-statics/assets/_next/static/chunks/88253.5bee1aec975e6ef0.js  (3.8KB, text/javascript)
[2026-10-05T11:17:32.085Z] [DEBUG]   [ASSET] /_assets/e13ec8993a050758.js  <-  https://b.stripecdn.com/mkt-ssr-statics/assets/_next/static/chunks/35644.a88a357b14ca4247.js  (0.4KB, text/javascript)
[2026-10-05T11:17:32.110Z] [DEBUG]   [NET] GET 200 text/javascript                https://b.stripecdn.com/mkt-ssr-statics/assets/_next/static/chunks/76828.a37cbbcf96e1ed8b.js
[2026-10-05T11:17:32.111Z] [DEBUG]   [ASSET] /_assets/c4de2db8982dad23.js  <-  https://b.stripecdn.com/mkt-ssr-statics/assets/_next/static/chunks/76828.a37cbbcf96e1ed8b.js  (0.6KB, text/javascript)
[2026-10-05T11:17:32.122Z] [DEBUG]   [NET] GET 200 text/javascript                https://b.stripecdn.com/mkt-ssr-statics/assets/_next/static/chunks/97964.8348ff4e941ed251.js
[2026-10-05T11:17:32.122Z] [DEBUG]   [NET] GET 200 text/javascript                https://b.stripecdn.com/mkt-ssr-statics/assets/_next/static/chunks/96751.4b7ed3c67b404b58.js
[2026-10-05T11:17:32.123Z] [DEBUG]   [ASSET] /_assets/92ec1dc7cd7fcbcc.js  <-  https://b.stripecdn.com/mkt-ssr-statics/assets/_next/static/chunks/97964.8348ff4e941ed251.js  (2.1KB, text/javascript)
[2026-10-05T11:17:32.125Z] [DEBUG]   [ASSET] /_assets/42307d9ffceb4bc0.js  <-  https://b.stripecdn.com/mkt-ssr-statics/assets/_next/static/chunks/96751.4b7ed3c67b404b58.js  (2.2KB, text/javascript)
[2026-10-05T11:17:32.341Z] [DEBUG]   [NET] GET 200 text/javascript                https://b.stripecdn.com/stripethirdparty-srv/assets/v33.1/GoogleTagManager.d1238f0d2797867a533d.bundle.js
[2026-10-05T11:17:32.342Z] [DEBUG]   [ASSET] /_assets/8d15897ff2024e60.js  <-  https://b.stripecdn.com/stripethirdparty-srv/assets/v33.1/GoogleTagManager.d1238f0d2797867a533d.bundle.js  (8.8KB, text/javascript)
[2026-10-05T11:17:32.382Z] [DEBUG]   [NET] GET 200 text/javascript                https://b.stripecdn.com/stripethirdparty-srv/assets/v33.1/vendors~AddressAutocomplete~AffirmInContext~AfterpayInContext~AlgoliaSearch~AmazonPayButton~ApplePay~834487d7.1fe7f389cb7255baebcd.bundle.js
[2026-10-05T11:17:32.541Z] [DEBUG]   [NET] GET 200 image/webp                     https://images.stripeassets.com/fzn2n1nzq965/1Vf8oT9Fm6dEwpnEx5PgK1/055956f38d7fd8b0cc7419692ef29778/bento-terminal.png?w=308&fm=webp&q=90
[2026-10-05T11:17:32.543Z] [DEBUG]   [ASSET] /_assets/5c35a051b5455ee1.png  <-  https://images.stripeassets.com/fzn2n1nzq965/1Vf8oT9Fm6dEwpnEx5PgK1/055956f38d7fd8b0cc7419692ef29778/bento-terminal.png?w=308&fm=webp&q=90  (12.1KB, image/webp)
[2026-10-05T11:17:32.912Z] [DEBUG]   [NET] GET 200 image/webp                     https://images.stripeassets.com/fzn2n1nzq965/43eqkFV1GG5GqcbNNeEzVp/8f4705b1b80a4c835c2960ed8055d649/ConnectMobileBackground.jpg?w=1104&fm=webp&q=90
[2026-10-05T11:17:32.913Z] [DEBUG]   [ASSET] /_assets/a3e07c33b148d9df.jpg  <-  https://images.stripeassets.com/fzn2n1nzq965/43eqkFV1GG5GqcbNNeEzVp/8f4705b1b80a4c835c2960ed8055d649/ConnectMobileBackground.jpg?w=1104&fm=webp&q=90  (167.7KB, image/webp)
[2026-10-05T11:17:33.192Z] [DEBUG]   [NET] GET 200 text/javascript                https://stripe.com/_workers/_next/static/chunks/waveGeometry.worker.07101200.js
[2026-10-05T11:17:33.194Z] [DEBUG]   [ASSET] /_assets/af3aeb2853dcaada.js  <-  https://stripe.com/_workers/_next/static/chunks/waveGeometry.worker.07101200.js  (1.5KB, text/javascript)
[2026-10-05T11:17:33.201Z] [DEBUG]   [NET] GET 200 image/webp                     https://images.stripeassets.com/fzn2n1nzq965/6vyKd0ycEpRdidbphWpbyy/da3e69f893b1f3e3ae34481f5387593e/point_spritesheet.png?fm=webp&q=95
[2026-10-05T11:17:33.202Z] [DEBUG]   [ASSET] /_assets/6e8f3e7b8299215c.png  <-  https://images.stripeassets.com/fzn2n1nzq965/6vyKd0ycEpRdidbphWpbyy/da3e69f893b1f3e3ae34481f5387593e/point_spritesheet.png?fm=webp&q=95  (2.2KB, image/webp)
[2026-10-05T11:17:33.222Z] [DEBUG]   [NET] GET 200 image/svg+xml                  https://images.stripeassets.com/fzn2n1nzq965/1hgcBNd12BfT9VLgbId7By/01d91920114b124fb4cf6d448f9f06eb/favicon.svg
[2026-10-05T11:17:33.225Z] [DEBUG]   [ASSET] /_assets/5e46bc419e046d56.svg  <-  https://images.stripeassets.com/fzn2n1nzq965/1hgcBNd12BfT9VLgbId7By/01d91920114b124fb4cf6d448f9f06eb/favicon.svg  (0.4KB, image/svg+xml)
[2026-10-05T11:17:33.252Z] [DEBUG]   [NET] GET 200 text/javascript                https://stripe.com/_workers/_next/static/chunks/dotGeneration.worker.bf20e833.js
[2026-10-05T11:17:33.253Z] [DEBUG]   [ASSET] /_assets/8c38e5c05fc3fb81.js  <-  https://stripe.com/_workers/_next/static/chunks/dotGeneration.worker.bf20e833.js  (1.9KB, text/javascript)
[2026-10-05T11:17:33.315Z] [DEBUG]   [NET] GET 200 application/json               https://stripe.com/en-jp/notifications?as=json
[2026-10-05T11:17:33.612Z] [DEBUG]   [NET] GET 200 text/javascript                https://stripe.com/source-attribution/imt.js
[2026-10-05T11:17:33.612Z] [DEBUG]   [ASSET] /_assets/47c0fb154159df62.js  <-  https://stripe.com/source-attribution/imt.js  (81.7KB, text/javascript)
[2026-10-05T11:17:33.798Z] [DEBUG]   [ABORT] https://r.stripe.com/0
[2026-10-05T11:17:33.803Z] [DEBUG]   [CONSOLE ERROR] Failed to load resource: net::ERR_FAILED
[2026-10-05T11:17:33.803Z] [DEBUG]   [NET] GET 200 text/javascript                https://b.stripecdn.com/mkt-ssr-statics/assets/_next/static/chunks/663.4bc653612ede7ec1.js
[2026-10-05T11:17:33.804Z] [DEBUG]   [ASSET] /_assets/c2c725e7e1cf7583.js  <-  https://b.stripecdn.com/mkt-ssr-statics/assets/_next/static/chunks/663.4bc653612ede7ec1.js  (0.9KB, text/javascript)
[2026-10-05T11:17:33.851Z] [DEBUG]   [ABORT] https://www.googletagmanager.com/gtm.js?id=GTM-WK8882T
[2026-10-05T11:17:33.854Z] [DEBUG]   [CONSOLE ERROR] Failed to load resource: net::ERR_FAILED
[2026-10-05T11:17:34.071Z] [DEBUG]   [NET] GET 200 text/javascript                https://b.stripecdn.com/mkt-ssr-statics/assets/_next/static/chunks/63045.51ae345cc62cd956.js
[2026-10-05T11:17:34.072Z] [DEBUG]   [ASSET] /_assets/4e5d8c8079a284ca.js  <-  https://b.stripecdn.com/mkt-ssr-statics/assets/_next/static/chunks/63045.51ae345cc62cd956.js  (1.0KB, text/javascript)
[2026-10-05T11:17:34.150Z] [DEBUG]   [NET] GET 200 image/webp                     https://images.stripeassets.com/fzn2n1nzq965/6BTjJGdjfGVA8brPwj7p3M/fcf084ff85142366e118fe85ee78b632/payments-electric-kettle.jpg?w=80&fm=webp&q=90
[2026-10-05T11:17:34.161Z] [DEBUG]   [NET] GET 200 image/webp                     https://images.stripeassets.com/fzn2n1nzq965/3jUP7c85zrHqgs8uEwI2at/ec0e38a66611918dcb1bb168e33b7a28/1x1.png?fm=webp
[2026-10-05T11:17:34.162Z] [DEBUG]   [ASSET] /_assets/88b49c45284ebd31.jpg  <-  https://images.stripeassets.com/fzn2n1nzq965/6BTjJGdjfGVA8brPwj7p3M/fcf084ff85142366e118fe85ee78b632/payments-electric-kettle.jpg?w=80&fm=webp&q=90  (0.6KB, image/webp)
[2026-10-05T11:17:34.163Z] [DEBUG]   [ASSET] /_assets/9a239bf0a9160cb4.png  <-  https://images.stripeassets.com/fzn2n1nzq965/3jUP7c85zrHqgs8uEwI2at/ec0e38a66611918dcb1bb168e33b7a28/1x1.png?fm=webp  (0.0KB, image/webp)
[2026-10-05T11:17:34.172Z] [DEBUG]   [NET] GET 200 image/webp                     https://images.stripeassets.com/fzn2n1nzq965/6KmB7XGsUbTefNew25WF4T/6a949fbf5567dcd145339f5fcf207fae/hoodie-navy.png?w=160&fm=webp&q=90
[2026-10-05T11:17:34.175Z] [DEBUG]   [ASSET] /_assets/14a7549ab6e8d10c.png  <-  https://images.stripeassets.com/fzn2n1nzq965/6KmB7XGsUbTefNew25WF4T/6a949fbf5567dcd145339f5fcf207fae/hoodie-navy.png?w=160&fm=webp&q=90  (6.3KB, image/webp)
[2026-10-05T11:17:34.221Z] [DEBUG]   [NET] GET 200 application/json               https://stripe.com/cookie-settings/enforcement-mode
[2026-10-05T11:17:34.732Z] [DEBUG]   [NET] GET 200 image/webp                     https://images.stripeassets.com/fzn2n1nzq965/1pEVpyQu2XQ92txRRpfd1q/7d05e6e635bc9974dbff576828336ca7/the-happenings-crypto.png?w=866&fm=webp&q=80
[2026-10-05T11:17:34.733Z] [DEBUG]   [ASSET] /_assets/21c478163fdfd513.png  <-  https://images.stripeassets.com/fzn2n1nzq965/1pEVpyQu2XQ92txRRpfd1q/7d05e6e635bc9974dbff576828336ca7/the-happenings-crypto.png?w=866&fm=webp&q=80  (18.7KB, image/webp)
[2026-10-05T11:17:34.781Z] [DEBUG]   [NET] GET 200 image/webp                     https://images.stripeassets.com/fzn2n1nzq965/6mg4xss8cmX0Wx46RemzLm/266638f904dc8b908dc22f12c37ee27b/the-happenings-agentic.png?w=866&fm=webp&q=80
[2026-10-05T11:17:34.784Z] [DEBUG]   [ASSET] /_assets/32b175dbaa706477.png  <-  https://images.stripeassets.com/fzn2n1nzq965/6mg4xss8cmX0Wx46RemzLm/266638f904dc8b908dc22f12c37ee27b/the-happenings-agentic.png?w=866&fm=webp&q=80  (7.1KB, image/webp)
[2026-10-05T11:17:34.972Z] [DEBUG]   [NET] GET 200 image/webp                     https://images.stripeassets.com/fzn2n1nzq965/Y7G5D3VhjwO68bdA184Co/b75ee8a57b8380f28e319a516f6e9754/annual-letter-desktop.png?w=866&fm=webp&q=80
[2026-10-05T11:17:34.974Z] [DEBUG]   [ASSET] /_assets/a42fbb9a6e6261d7.png  <-  https://images.stripeassets.com/fzn2n1nzq965/Y7G5D3VhjwO68bdA184Co/b75ee8a57b8380f28e319a516f6e9754/annual-letter-desktop.png?w=866&fm=webp&q=80  (19.2KB, image/webp)
[2026-10-05T11:17:35.126Z] [DEBUG]   [NET] GET 200 application/json               https://ext.stripe.com/universal-chat/agent-availability?qr=qvb&country=US
[2026-10-05T11:17:35.211Z] [DEBUG]   [NET] GET 200 image/webp                     https://images.stripeassets.com/fzn2n1nzq965/1ZY0hhcESN4qWmha0ISm5R/14f4ce82b8b8644e56692427b1f56dfa/the-happenings-payment-processing.png?w=866&fm=webp&q=80
[2026-10-05T11:17:35.212Z] [DEBUG]   [ASSET] /_assets/ed82e72090b7033c.png  <-  https://images.stripeassets.com/fzn2n1nzq965/1ZY0hhcESN4qWmha0ISm5R/14f4ce82b8b8644e56692427b1f56dfa/the-happenings-payment-processing.png?w=866&fm=webp&q=80  (28.3KB, image/webp)
[2026-10-05T11:17:35.321Z] [DEBUG]   [NET] GET 200 image/webp                     https://images.stripeassets.com/fzn2n1nzq965/44P8uzAQSXCD3mOObNfmoP/c4226e9b4e40f328ce2ccf68324500ee/the-happenings-cheeky-pint.png?w=866&fm=webp&q=80
[2026-10-05T11:17:35.323Z] [DEBUG]   [ASSET] /_assets/bdf8c1f349e80c18.png  <-  https://images.stripeassets.com/fzn2n1nzq965/44P8uzAQSXCD3mOObNfmoP/c4226e9b4e40f328ce2ccf68324500ee/the-happenings-cheeky-pint.png?w=866&fm=webp&q=80  (31.0KB, image/webp)
[2026-10-05T11:17:35.363Z] [DEBUG]   [NET] GET 200 text/javascript                https://b.stripecdn.com/mkt-ssr-statics/assets/_next/static/chunks/9774.ba20cd64ecaeac52.js
[2026-10-05T11:17:35.364Z] [DEBUG]   [ASSET] /_assets/68b24ccc56496759.js  <-  https://b.stripecdn.com/mkt-ssr-statics/assets/_next/static/chunks/9774.ba20cd64ecaeac52.js  (3.4KB, text/javascript)
[2026-10-05T11:17:35.392Z] [DEBUG]   [NET] GET 200 image/webp                     https://images.stripeassets.com/fzn2n1nzq965/4A5cyeaWZkRbEslyjm1Elg/914e742c8459fe438d8746132cb634a3/the-happenings-bfcm.png?w=866&fm=webp&q=80
[2026-10-05T11:17:35.393Z] [DEBUG]   [ASSET] /_assets/4289fb9b24f92afc.png  <-  https://images.stripeassets.com/fzn2n1nzq965/4A5cyeaWZkRbEslyjm1Elg/914e742c8459fe438d8746132cb634a3/the-happenings-bfcm.png?w=866&fm=webp&q=80  (44.5KB, image/webp)
[2026-10-05T11:17:35.422Z] [DEBUG]   [NET] GET 200 text/javascript                https://b.stripecdn.com/mkt-ssr-statics/assets/_next/static/chunks/2027.96b783c6945595eb.js
[2026-10-05T11:17:35.424Z] [DEBUG]   [ASSET] /_assets/5955d9b7238b9ccd.js  <-  https://b.stripecdn.com/mkt-ssr-statics/assets/_next/static/chunks/2027.96b783c6945595eb.js  (0.6KB, text/javascript)
[2026-10-05T11:17:35.693Z] [DEBUG]   [NET] GET 200 text/javascript                https://b.stripecdn.com/mkt-ssr-statics/assets/_next/static/chunks/88186.b2451c8976ca0960.js
[2026-10-05T11:17:35.694Z] [DEBUG]   [ASSET] /_assets/5f6400cef1a710a8.js  <-  https://b.stripecdn.com/mkt-ssr-statics/assets/_next/static/chunks/88186.b2451c8976ca0960.js  (2.8KB, text/javascript)
[2026-10-05T11:17:35.781Z] [DEBUG]   [NET] GET 200 image/webp                     https://images.stripeassets.com/fzn2n1nzq965/6AfkiqtqXocOFPkmOjqe8N/9a89d706bd8ad1500c5b189e05270487/the-happenings-tidemark.png?w=866&fm=webp&q=80
[2026-10-05T11:17:35.783Z] [DEBUG]   [ASSET] /_assets/9e1c030a2c7fd94a.png  <-  https://images.stripeassets.com/fzn2n1nzq965/6AfkiqtqXocOFPkmOjqe8N/9a89d706bd8ad1500c5b189e05270487/the-happenings-tidemark.png?w=866&fm=webp&q=80  (70.9KB, image/webp)
[2026-10-05T11:17:35.871Z] [DEBUG]   [NET] GET 200 image/webp                     https://images.stripeassets.com/fzn2n1nzq965/5Dr3Oc550drIrxyzzXgFbq/f6e4fb0b8b4b40d73e94fdf7c9bc7028/payments-hoodie.jpg?w=80&fm=webp&q=90
[2026-10-05T11:17:35.872Z] [DEBUG]   [ASSET] /_assets/691644b287555c44.jpg  <-  https://images.stripeassets.com/fzn2n1nzq965/5Dr3Oc550drIrxyzzXgFbq/f6e4fb0b8b4b40d73e94fdf7c9bc7028/payments-hoodie.jpg?w=80&fm=webp&q=90  (0.7KB, image/webp)
[2026-10-05T11:17:36.011Z] [DEBUG]   [NET] GET 200 image/gif                      https://q.stripe.com/?cid=31f896a7-7794-45a8-a40a-4e98c32e24bb&lsid=31f896a7-7794-45a8-a40a-4e98c32e24bb&analytics_ua=analytics.js-CURRENT_VERSION&ua_browser_name=Chrome&ua_browser_version=120.0.0.0&ua_os_name=Windows&ua_os_version=10&ua_engine_name=Blink&ua_engine_version=120.0.0.0&page=%2F&referrer=&domain=stripe.com&viewport_height=900&viewport_width=1440&category=Section&label=index_2&value=undefined&from_mkt_srv=true&document_height=14717&scroll_y=0&stripe_locale=en-JP&unglobalized_path=%2F&token_b057adf6=b057adf6b78f935b0c5e04130709f884cfc018c3&action_name=scrolled&viewed_name=home&event=scrolled.action&event_count=2&page_view_id=024153c1-52a5-40ba-b077-3a45d737db71&event_id=024153c1-52a5-40ba-b077-3a45d737db71_2&privacy_consent_loaded=true&privacy_consent_advertising=true&privacy_consent_functional=true
[2026-10-05T11:17:36.012Z] [DEBUG]   [ASSET] /_assets/50b30fd5f87c85fe.gif  <-  https://q.stripe.com/?cid=31f896a7-7794-45a8-a40a-4e98c32e24bb&lsid=31f896a7-7794-45a8-a40a-4e98c32e24bb&analytics_ua=analytics.js-CURRENT_VERSION&ua_browser_name=Chrome&ua_browser_version=120.0.0.0&ua_os_name=Windows&ua_os_version=10&ua_engine_name=Blink&ua_engine_version=120.0.0.0&page=%2F&referrer=&domain=stripe.com&viewport_height=900&viewport_width=1440&category=Section&label=index_2&value=undefined&from_mkt_srv=true&document_height=14717&scroll_y=0&stripe_locale=en-JP&unglobalized_path=%2F&token_b057adf6=b057adf6b78f935b0c5e04130709f884cfc018c3&action_name=scrolled&viewed_name=home&event=scrolled.action&event_count=2&page_view_id=024153c1-52a5-40ba-b077-3a45d737db71&event_id=024153c1-52a5-40ba-b077-3a45d737db71_2&privacy_consent_loaded=true&privacy_consent_advertising=true&privacy_consent_functional=true  (0.0KB, image/gif)
[2026-10-05T11:17:36.031Z] [DEBUG]   [NET] GET 200 image/gif                      https://q.stripe.com/?cid=31f896a7-7794-45a8-a40a-4e98c32e24bb&lsid=31f896a7-7794-45a8-a40a-4e98c32e24bb&analytics_ua=analytics.js-CURRENT_VERSION&ua_browser_name=Chrome&ua_browser_version=120.0.0.0&ua_os_name=Windows&ua_os_version=10&ua_engine_name=Blink&ua_engine_version=120.0.0.0&page=%2F&referrer=&domain=stripe.com&viewport_height=900&viewport_width=1440&category=Section&label=index_8&value=undefined&from_mkt_srv=true&document_height=14717&scroll_y=0&stripe_locale=en-JP&unglobalized_path=%2F&token_b057adf6=b057adf6b78f935b0c5e04130709f884cfc018c3&action_name=scrolled&viewed_name=home&event=scrolled.action&event_count=8&page_view_id=024153c1-52a5-40ba-b077-3a45d737db71&event_id=024153c1-52a5-40ba-b077-3a45d737db71_8&privacy_consent_loaded=true&privacy_consent_advertising=true&privacy_consent_functional=true
[2026-10-05T11:17:36.041Z] [DEBUG]   [NET] GET 200 image/gif                      https://q.stripe.com/?cid=31f896a7-7794-45a8-a40a-4e98c32e24bb&lsid=31f896a7-7794-45a8-a40a-4e98c32e24bb&analytics_ua=analytics.js-CURRENT_VERSION&ua_browser_name=Chrome&ua_browser_version=120.0.0.0&ua_os_name=Windows&ua_os_version=10&ua_engine_name=Blink&ua_engine_version=120.0.0.0&page=%2F&referrer=&domain=stripe.com&viewport_height=900&viewport_width=1440&title=Stripe%20%7C%20Financial%20Infrastructure%20to%20Grow%20Your%20Revenue&mkt_path=%2F&from_mkt_srv=true&document_height=14717&scroll_y=0&stripe_locale=en-JP&unglobalized_path=%2F&token_b057adf6=b057adf6b78f935b0c5e04130709f884cfc018c3&viewed_name=home&event=home.viewed&event_count=1&page_view_id=024153c1-52a5-40ba-b077-3a45d737db71&event_id=024153c1-52a5-40ba-b077-3a45d737db71_1&privacy_consent_loaded=true&privacy_consent_advertising=true&privacy_consent_functional=true
[2026-10-05T11:17:36.042Z] [DEBUG]   [NET] GET 200 image/gif                      https://q.stripe.com/?cid=31f896a7-7794-45a8-a40a-4e98c32e24bb&lsid=31f896a7-7794-45a8-a40a-4e98c32e24bb&analytics_ua=analytics.js-CURRENT_VERSION&ua_browser_name=Chrome&ua_browser_version=120.0.0.0&ua_os_name=Windows&ua_os_version=10&ua_engine_name=Blink&ua_engine_version=120.0.0.0&page=%2F&referrer=&domain=stripe.com&viewport_height=900&viewport_width=1440&category=Section&label=index_4&value=undefined&from_mkt_srv=true&document_height=14717&scroll_y=0&stripe_locale=en-JP&unglobalized_path=%2F&token_b057adf6=b057adf6b78f935b0c5e04130709f884cfc018c3&action_name=scrolled&viewed_name=home&event=scrolled.action&event_count=4&page_view_id=024153c1-52a5-40ba-b077-3a45d737db71&event_id=024153c1-52a5-40ba-b077-3a45d737db71_4&privacy_consent_loaded=true&privacy_consent_advertising=true&privacy_consent_functional=true
[2026-10-05T11:17:36.043Z] [DEBUG]   [NET] GET 200 image/gif                      https://q.stripe.com/?cid=31f896a7-7794-45a8-a40a-4e98c32e24bb&lsid=31f896a7-7794-45a8-a40a-4e98c32e24bb&analytics_ua=analytics.js-CURRENT_VERSION&ua_browser_name=Chrome&ua_browser_version=120.0.0.0&ua_os_name=Windows&ua_os_version=10&ua_engine_name=Blink&ua_engine_version=120.0.0.0&page=%2F&referrer=&domain=stripe.com&viewport_height=900&viewport_width=1440&category=Section&label=index_3&value=undefined&from_mkt_srv=true&document_height=14717&scroll_y=0&stripe_locale=en-JP&unglobalized_path=%2F&token_b057adf6=b057adf6b78f935b0c5e04130709f884cfc018c3&action_name=scrolled&viewed_name=home&event=scrolled.action&event_count=3&page_view_id=024153c1-52a5-40ba-b077-3a45d737db71&event_id=024153c1-52a5-40ba-b077-3a45d737db71_3&privacy_consent_loaded=true&privacy_consent_advertising=true&privacy_consent_functional=true
[2026-10-05T11:17:36.051Z] [DEBUG]   [NET] GET 200 image/gif                      https://q.stripe.com/?cid=31f896a7-7794-45a8-a40a-4e98c32e24bb&lsid=31f896a7-7794-45a8-a40a-4e98c32e24bb&analytics_ua=analytics.js-CURRENT_VERSION&ua_browser_name=Chrome&ua_browser_version=120.0.0.0&ua_os_name=Windows&ua_os_version=10&ua_engine_name=Blink&ua_engine_version=120.0.0.0&page=%2F&referrer=&domain=stripe.com&viewport_height=900&viewport_width=1440&category=Section&label=index_11&value=undefined&from_mkt_srv=true&document_height=14717&scroll_y=0&stripe_locale=en-JP&unglobalized_path=%2F&token_b057adf6=b057adf6b78f935b0c5e04130709f884cfc018c3&action_name=scrolled&viewed_name=home&event=scrolled.action&event_count=11&page_view_id=024153c1-52a5-40ba-b077-3a45d737db71&event_id=024153c1-52a5-40ba-b077-3a45d737db71_11&privacy_consent_loaded=true&privacy_consent_advertising=true&privacy_consent_functional=true
[2026-10-05T11:17:36.061Z] [DEBUG]   [NET] GET 200 image/gif                      https://q.stripe.com/?cid=31f896a7-7794-45a8-a40a-4e98c32e24bb&lsid=31f896a7-7794-45a8-a40a-4e98c32e24bb&analytics_ua=analytics.js-CURRENT_VERSION&ua_browser_name=Chrome&ua_browser_version=120.0.0.0&ua_os_name=Windows&ua_os_version=10&ua_engine_name=Blink&ua_engine_version=120.0.0.0&page=%2F&referrer=&domain=stripe.com&viewport_height=900&viewport_width=1440&category=Section&label=index_7&value=undefined&from_mkt_srv=true&document_height=14717&scroll_y=0&stripe_locale=en-JP&unglobalized_path=%2F&token_b057adf6=b057adf6b78f935b0c5e04130709f884cfc018c3&action_name=scrolled&viewed_name=home&event=scrolled.action&event_count=7&page_view_id=024153c1-52a5-40ba-b077-3a45d737db71&event_id=024153c1-52a5-40ba-b077-3a45d737db71_7&privacy_consent_loaded=true&privacy_consent_advertising=true&privacy_consent_functional=true
[2026-10-05T11:17:36.121Z] [DEBUG]   [NET] GET 200 image/gif                      https://q.stripe.com/?cid=31f896a7-7794-45a8-a40a-4e98c32e24bb&lsid=31f896a7-7794-45a8-a40a-4e98c32e24bb&analytics_ua=analytics.js-CURRENT_VERSION&ua_browser_name=Chrome&ua_browser_version=120.0.0.0&ua_os_name=Windows&ua_os_version=10&ua_engine_name=Blink&ua_engine_version=120.0.0.0&page=%2F&referrer=&domain=stripe.com&viewport_height=900&viewport_width=1440&category=Section&label=index_10&value=undefined&from_mkt_srv=true&document_height=14717&scroll_y=0&stripe_locale=en-JP&unglobalized_path=%2F&token_b057adf6=b057adf6b78f935b0c5e04130709f884cfc018c3&action_name=scrolled&viewed_name=home&event=scrolled.action&event_count=10&page_view_id=024153c1-52a5-40ba-b077-3a45d737db71&event_id=024153c1-52a5-40ba-b077-3a45d737db71_10&privacy_consent_loaded=true&privacy_consent_advertising=true&privacy_consent_functional=true
[2026-10-05T11:17:36.123Z] [DEBUG]   [NET] GET 200 image/gif                      https://q.stripe.com/?cid=31f896a7-7794-45a8-a40a-4e98c32e24bb&lsid=31f896a7-7794-45a8-a40a-4e98c32e24bb&analytics_ua=analytics.js-CURRENT_VERSION&ua_browser_name=Chrome&ua_browser_version=120.0.0.0&ua_os_name=Windows&ua_os_version=10&ua_engine_name=Blink&ua_engine_version=120.0.0.0&page=%2F&referrer=&domain=stripe.com&viewport_height=900&viewport_width=1440&category=Section&label=index_5&value=undefined&from_mkt_srv=true&document_height=14717&scroll_y=0&stripe_locale=en-JP&unglobalized_path=%2F&token_b057adf6=b057adf6b78f935b0c5e04130709f884cfc018c3&action_name=scrolled&viewed_name=home&event=scrolled.action&event_count=5&page_view_id=024153c1-52a5-40ba-b077-3a45d737db71&event_id=024153c1-52a5-40ba-b077-3a45d737db71_5&privacy_consent_loaded=true&privacy_consent_advertising=true&privacy_consent_functional=true
[2026-10-05T11:17:36.141Z] [DEBUG]   [NET] GET 200 image/gif                      https://q.stripe.com/?cid=31f896a7-7794-45a8-a40a-4e98c32e24bb&lsid=31f896a7-7794-45a8-a40a-4e98c32e24bb&analytics_ua=analytics.js-CURRENT_VERSION&ua_browser_name=Chrome&ua_browser_version=120.0.0.0&ua_os_name=Windows&ua_os_version=10&ua_engine_name=Blink&ua_engine_version=120.0.0.0&page=%2F&referrer=&domain=stripe.com&viewport_height=900&viewport_width=1440&category=Section&label=index_6&value=undefined&from_mkt_srv=true&document_height=14717&scroll_y=0&stripe_locale=en-JP&unglobalized_path=%2F&token_b057adf6=b057adf6b78f935b0c5e04130709f884cfc018c3&action_name=scrolled&viewed_name=home&event=scrolled.action&event_count=6&page_view_id=024153c1-52a5-40ba-b077-3a45d737db71&event_id=024153c1-52a5-40ba-b077-3a45d737db71_6&privacy_consent_loaded=true&privacy_consent_advertising=true&privacy_consent_functional=true
[2026-10-05T11:17:36.142Z] [DEBUG]   [NET] GET 200 image/gif                      https://q.stripe.com/?cid=31f896a7-7794-45a8-a40a-4e98c32e24bb&lsid=31f896a7-7794-45a8-a40a-4e98c32e24bb&analytics_ua=analytics.js-CURRENT_VERSION&ua_browser_name=Chrome&ua_browser_version=120.0.0.0&ua_os_name=Windows&ua_os_version=10&ua_engine_name=Blink&ua_engine_version=120.0.0.0&page=%2F&referrer=&domain=stripe.com&viewport_height=900&viewport_width=1440&category=Section&label=index_9&value=undefined&from_mkt_srv=true&document_height=14717&scroll_y=0&stripe_locale=en-JP&unglobalized_path=%2F&token_b057adf6=b057adf6b78f935b0c5e04130709f884cfc018c3&action_name=scrolled&viewed_name=home&event=scrolled.action&event_count=9&page_view_id=024153c1-52a5-40ba-b077-3a45d737db71&event_id=024153c1-52a5-40ba-b077-3a45d737db71_9&privacy_consent_loaded=true&privacy_consent_advertising=true&privacy_consent_functional=true
[2026-10-05T11:17:36.151Z] [DEBUG]   [NET] GET 200 image/gif                      https://q.stripe.com/?cid=31f896a7-7794-45a8-a40a-4e98c32e24bb&lsid=31f896a7-7794-45a8-a40a-4e98c32e24bb&analytics_ua=analytics.js-CURRENT_VERSION&ua_browser_name=Chrome&ua_browser_version=120.0.0.0&ua_os_name=Windows&ua_os_version=10&ua_engine_name=Blink&ua_engine_version=120.0.0.0&page=%2F&referrer=&domain=stripe.com&viewport_height=900&viewport_width=1440&category=Section&label=index_12&value=undefined&from_mkt_srv=true&document_height=14717&scroll_y=0&stripe_locale=en-JP&unglobalized_path=%2F&token_b057adf6=b057adf6b78f935b0c5e04130709f884cfc018c3&action_name=scrolled&viewed_name=home&event=scrolled.action&event_count=12&page_view_id=024153c1-52a5-40ba-b077-3a45d737db71&event_id=024153c1-52a5-40ba-b077-3a45d737db71_12&privacy_consent_loaded=true&privacy_consent_advertising=true&privacy_consent_functional=true
[2026-10-05T11:17:36.151Z] [DEBUG]   [NET] GET 200 image/gif                      https://q.stripe.com/?cid=31f896a7-7794-45a8-a40a-4e98c32e24bb&lsid=31f896a7-7794-45a8-a40a-4e98c32e24bb&analytics_ua=analytics.js-CURRENT_VERSION&ua_browser_name=Chrome&ua_browser_version=120.0.0.0&ua_os_name=Windows&ua_os_version=10&ua_engine_name=Blink&ua_engine_version=120.0.0.0&page=%2F&referrer=&domain=stripe.com&viewport_height=900&viewport_width=1440&category=Section&label=index_13&value=undefined&from_mkt_srv=true&document_height=14717&scroll_y=0&stripe_locale=en-JP&unglobalized_path=%2F&token_b057adf6=b057adf6b78f935b0c5e04130709f884cfc018c3&action_name=scrolled&viewed_name=home&event=scrolled.action&event_count=13&page_view_id=024153c1-52a5-40ba-b077-3a45d737db71&event_id=024153c1-52a5-40ba-b077-3a45d737db71_13&privacy_consent_loaded=true&privacy_consent_advertising=true&privacy_consent_functional=true
[2026-10-05T11:17:36.152Z] [DEBUG]   [NET] GET 200 image/gif                      https://q.stripe.com/?cid=31f896a7-7794-45a8-a40a-4e98c32e24bb&lsid=31f896a7-7794-45a8-a40a-4e98c32e24bb&analytics_ua=analytics.js-CURRENT_VERSION&ua_browser_name=Chrome&ua_browser_version=120.0.0.0&ua_os_name=Windows&ua_os_version=10&ua_engine_name=Blink&ua_engine_version=120.0.0.0&page=%2F&referrer=&domain=stripe.com&viewport_height=900&viewport_width=1440&category=Section&label=index_15&value=undefined&from_mkt_srv=true&document_height=14717&scroll_y=0&stripe_locale=en-JP&unglobalized_path=%2F&token_b057adf6=b057adf6b78f935b0c5e04130709f884cfc018c3&action_name=scrolled&viewed_name=home&event=scrolled.action&event_count=15&page_view_id=024153c1-52a5-40ba-b077-3a45d737db71&event_id=024153c1-52a5-40ba-b077-3a45d737db71_15&privacy_consent_loaded=true&privacy_consent_advertising=true&privacy_consent_functional=true
[2026-10-05T11:17:36.181Z] [DEBUG]   [NET] GET 200 image/gif                      https://q.stripe.com/?cid=31f896a7-7794-45a8-a40a-4e98c32e24bb&lsid=31f896a7-7794-45a8-a40a-4e98c32e24bb&analytics_ua=analytics.js-CURRENT_VERSION&ua_browser_name=Chrome&ua_browser_version=120.0.0.0&ua_os_name=Windows&ua_os_version=10&ua_engine_name=Blink&ua_engine_version=120.0.0.0&page=%2F&referrer=&domain=stripe.com&viewport_height=900&viewport_width=1440&category=Section&label=index_14&value=undefined&from_mkt_srv=true&document_height=14717&scroll_y=0&stripe_locale=en-JP&unglobalized_path=%2F&token_b057adf6=b057adf6b78f935b0c5e04130709f884cfc018c3&action_name=scrolled&viewed_name=home&event=scrolled.action&event_count=14&page_view_id=024153c1-52a5-40ba-b077-3a45d737db71&event_id=024153c1-52a5-40ba-b077-3a45d737db71_14&privacy_consent_loaded=true&privacy_consent_advertising=true&privacy_consent_functional=true
[2026-10-05T11:17:36.182Z] [DEBUG]   [NET] GET 200 image/gif                      https://q.stripe.com/?cid=31f896a7-7794-45a8-a40a-4e98c32e24bb&lsid=31f896a7-7794-45a8-a40a-4e98c32e24bb&analytics_ua=analytics.js-CURRENT_VERSION&ua_browser_name=Chrome&ua_browser_version=120.0.0.0&ua_os_name=Windows&ua_os_version=10&ua_engine_name=Blink&ua_engine_version=120.0.0.0&page=%2F&referrer=&domain=stripe.com&viewport_height=900&viewport_width=1440&from_mkt_srv=true&ttfb=3399.600000023842&fps=46.72466262966307&document_height=15342&scroll_y=0&stripe_locale=en-JP&unglobalized_path=%2F&token_b057adf6=b057adf6b78f935b0c5e04130709f884cfc018c3&action_name=web_vitals&viewed_name=home&event=web_vitals.action&event_count=16&page_view_id=024153c1-52a5-40ba-b077-3a45d737db71&event_id=024153c1-52a5-40ba-b077-3a45d737db71_16&privacy_consent_loaded=true&privacy_consent_functional=true&privacy_consent_advertising=true
[2026-10-05T11:17:36.580Z] [DEBUG]   [NET] GET 200 image/webp                     https://images.stripeassets.com/fzn2n1nzq965/42GJHxlnEVsoUsSVeVfvbL/884b4c63f5fd52cf127958ac4936de05/the-happenings-payment-retailers.png?w=866&fm=webp&q=80
[2026-10-05T11:17:36.582Z] [DEBUG]   [ASSET] /_assets/f43ffbccaa9a2d88.png  <-  https://images.stripeassets.com/fzn2n1nzq965/42GJHxlnEVsoUsSVeVfvbL/884b4c63f5fd52cf127958ac4936de05/the-happenings-payment-retailers.png?w=866&fm=webp&q=80  (59.4KB, image/webp)
[2026-10-05T11:17:37.090Z] [DEBUG]   [NAV] networkidle settled for https://stripe.com/
[2026-10-05T11:17:37.844Z] [DEBUG]   [NET] GET 200 text/javascript                https://b.stripecdn.com/mkt-ssr-statics/assets/_next/static/chunks/15366.857af73b8037bcd4.js
[2026-10-05T11:17:37.845Z] [DEBUG]   [ASSET] /_assets/301a6a9209d14882.js  <-  https://b.stripecdn.com/mkt-ssr-statics/assets/_next/static/chunks/15366.857af73b8037bcd4.js  (0.8KB, text/javascript)
[2026-10-05T11:17:37.852Z] [DEBUG]   [NET] GET 200 text/javascript                https://b.stripecdn.com/mkt-ssr-statics/assets/_next/static/chunks/82729.f89ac46c865f4220.js
[2026-10-05T11:17:37.853Z] [DEBUG]   [ASSET] /_assets/84cd97a2b6a10836.js  <-  https://b.stripecdn.com/mkt-ssr-statics/assets/_next/static/chunks/82729.f89ac46c865f4220.js  (2.4KB, text/javascript)
[2026-10-05T11:17:37.881Z] [DEBUG]   [ABORT] https://r.stripe.com/0
[2026-10-05T11:17:37.882Z] [DEBUG]   [ABORT] https://r.stripe.com/0
[2026-10-05T11:17:37.886Z] [DEBUG]   [CONSOLE ERROR] Failed to load resource: net::ERR_FAILED
[2026-10-05T11:17:37.886Z] [DEBUG]   [CONSOLE ERROR] Failed to load resource: net::ERR_FAILED
[2026-10-05T11:17:38.222Z] [DEBUG]   [NET] GET 200 text/javascript                https://b.stripecdn.com/mkt-ssr-statics/assets/_next/static/chunks/90468.9c17b76ee7f472f0.js
[2026-10-05T11:17:38.223Z] [DEBUG]   [ASSET] /_assets/7e52ebab791ef6b8.js  <-  https://b.stripecdn.com/mkt-ssr-statics/assets/_next/static/chunks/90468.9c17b76ee7f472f0.js  (1.0KB, text/javascript)
[2026-10-05T11:17:38.482Z] [DEBUG]   [NET] GET 200 image/webp                     https://images.stripeassets.com/fzn2n1nzq965/7fM8bvEbivprOMM1zyow9N/3cad3cc826f96e4038b4ea88d81ebe3b/Supabase.png?w=432&fm=webp&q=90
[2026-10-05T11:17:38.484Z] [DEBUG]   [ASSET] /_assets/33a4ee3fdd32957b.png  <-  https://images.stripeassets.com/fzn2n1nzq965/7fM8bvEbivprOMM1zyow9N/3cad3cc826f96e4038b4ea88d81ebe3b/Supabase.png?w=432&fm=webp&q=90  (4.0KB, image/webp)
[2026-10-05T11:17:38.492Z] [DEBUG]   [NET] GET 200 image/webp                     https://images.stripeassets.com/fzn2n1nzq965/4b8Ubw7N2kYwb7QZl3Ogri/422cc19f725aa68e647d90ce2833c8d0/linear.png?w=432&fm=webp&q=90
[2026-10-05T11:17:38.493Z] [DEBUG]   [ASSET] /_assets/967a9e57eaf966fc.png  <-  https://images.stripeassets.com/fzn2n1nzq965/4b8Ubw7N2kYwb7QZl3Ogri/422cc19f725aa68e647d90ce2833c8d0/linear.png?w=432&fm=webp&q=90  (2.9KB, image/webp)
[2026-10-05T11:17:38.521Z] [DEBUG]   [NET] GET 200 image/webp                     https://images.stripeassets.com/fzn2n1nzq965/JK7aZoMzWA3uUbLb35kxx/dea1444a0aee29751c0c7098ffb33534/Eleven_Labs.png?w=432&fm=webp&q=90
[2026-10-05T11:17:38.523Z] [DEBUG]   [ASSET] /_assets/23ffa85b82a8ac55.png  <-  https://images.stripeassets.com/fzn2n1nzq965/JK7aZoMzWA3uUbLb35kxx/dea1444a0aee29751c0c7098ffb33534/Eleven_Labs.png?w=432&fm=webp&q=90  (5.2KB, image/webp)
[2026-10-05T11:17:38.571Z] [DEBUG]   [NET] GET 200 image/webp                     https://images.stripeassets.com/fzn2n1nzq965/2QjRFO1cRvocACDtyA7g9e/44245671788d6e086ab7d82b37937450/Gamma.png?w=432&fm=webp&q=90
[2026-10-05T11:17:38.573Z] [DEBUG]   [ASSET] /_assets/ce88040e150da6d1.png  <-  https://images.stripeassets.com/fzn2n1nzq965/2QjRFO1cRvocACDtyA7g9e/44245671788d6e086ab7d82b37937450/Gamma.png?w=432&fm=webp&q=90  (17.8KB, image/webp)
[2026-10-05T11:17:38.581Z] [DEBUG]   [NET] GET 200 image/webp                     https://images.stripeassets.com/fzn2n1nzq965/1CBkJePR5Cwf2QNIVCia1I/c0a702cec7a3814c69f21f86b89ed718/lovable.png?w=432&fm=webp&q=90
[2026-10-05T11:17:38.583Z] [DEBUG]   [ASSET] /_assets/cee4e643d18f974a.png  <-  https://images.stripeassets.com/fzn2n1nzq965/1CBkJePR5Cwf2QNIVCia1I/c0a702cec7a3814c69f21f86b89ed718/lovable.png?w=432&fm=webp&q=90  (15.8KB, image/webp)
[2026-10-05T11:17:38.609Z] [DEBUG]   [NET] GET 200 image/webp                     https://images.stripeassets.com/fzn2n1nzq965/1p78AOKe3NSBYbf7ZhqiM2/dcac30fe8a383dbb574d643dd5b825d4/Minna_No_Market.png?w=432&fm=webp&q=90
[2026-10-05T11:17:38.611Z] [DEBUG]   [ASSET] /_assets/f29aa286981f5ebb.png  <-  https://images.stripeassets.com/fzn2n1nzq965/1p78AOKe3NSBYbf7ZhqiM2/dcac30fe8a383dbb574d643dd5b825d4/Minna_No_Market.png?w=432&fm=webp&q=90  (18.6KB, image/webp)
[2026-10-05T11:17:38.622Z] [DEBUG]   [NET] GET 200 image/webp                     https://images.stripeassets.com/fzn2n1nzq965/6fpvaTP1TZWXKWVMewABjV/4412b9ca2940d89d3834ac65c1fc329d/Runway.png?w=432&fm=webp&q=90
[2026-10-05T11:17:38.623Z] [DEBUG]   [ASSET] /_assets/21258e9551febc4f.png  <-  https://images.stripeassets.com/fzn2n1nzq965/6fpvaTP1TZWXKWVMewABjV/4412b9ca2940d89d3834ac65c1fc329d/Runway.png?w=432&fm=webp&q=90  (21.9KB, image/webp)
[2026-10-05T11:17:38.642Z] [DEBUG]   [NET] GET 200 image/gif                      https://q.stripe.com/?cid=31f896a7-7794-45a8-a40a-4e98c32e24bb&lsid=31f896a7-7794-45a8-a40a-4e98c32e24bb&analytics_ua=analytics.js-CURRENT_VERSION&ua_browser_name=Chrome&ua_browser_version=120.0.0.0&ua_os_name=Windows&ua_os_version=10&ua_engine_name=Blink&ua_engine_version=120.0.0.0&page=%2F&referrer=&domain=stripe.com&viewport_height=900&viewport_width=1440&category=Page&label=percent_25&value=undefined&from_mkt_srv=true&document_height=15342&scroll_y=4410&stripe_locale=en-JP&unglobalized_path=%2F&token_b057adf6=b057adf6b78f935b0c5e04130709f884cfc018c3&action_name=scrolled&viewed_name=home&event=scrolled.action&event_count=18&page_view_id=024153c1-52a5-40ba-b077-3a45d737db71&event_id=024153c1-52a5-40ba-b077-3a45d737db71_18&privacy_consent_loaded=true&privacy_consent_functional=true&privacy_consent_advertising=true
[2026-10-05T11:17:38.644Z] [DEBUG]   [NET] GET 200 image/gif                      https://q.stripe.com/?cid=31f896a7-7794-45a8-a40a-4e98c32e24bb&lsid=31f896a7-7794-45a8-a40a-4e98c32e24bb&analytics_ua=analytics.js-CURRENT_VERSION&ua_browser_name=Chrome&ua_browser_version=120.0.0.0&ua_os_name=Windows&ua_os_version=10&ua_engine_name=Blink&ua_engine_version=120.0.0.0&page=%2F&referrer=&domain=stripe.com&viewport_height=900&viewport_width=1440&category=Page&label=percent_10&value=undefined&from_mkt_srv=true&document_height=15342&scroll_y=4410&stripe_locale=en-JP&unglobalized_path=%2F&token_b057adf6=b057adf6b78f935b0c5e04130709f884cfc018c3&action_name=scrolled&viewed_name=home&event=scrolled.action&event_count=17&page_view_id=024153c1-52a5-40ba-b077-3a45d737db71&event_id=024153c1-52a5-40ba-b077-3a45d737db71_17&privacy_consent_loaded=true&privacy_consent_functional=true&privacy_consent_advertising=true
[2026-10-05T11:17:38.711Z] [DEBUG]   [NET] GET 200 image/webp                     https://images.stripeassets.com/fzn2n1nzq965/1DZkp4Ce0kiwj2F2Z0kJ16/fcb4904fd728f49521385059618245b9/card_startups.png?w=585&fm=webp&q=90
[2026-10-05T11:17:38.712Z] [DEBUG]   [ASSET] /_assets/9511aba6f4f3cdb3.png  <-  https://images.stripeassets.com/fzn2n1nzq965/1DZkp4Ce0kiwj2F2Z0kJ16/fcb4904fd728f49521385059618245b9/card_startups.png?w=585&fm=webp&q=90  (7.2KB, image/webp)
[2026-10-05T11:17:38.857Z] [DEBUG]   [ABORT] https://r.stripe.com/0
[2026-10-05T11:17:38.885Z] [DEBUG]   [CONSOLE ERROR] Failed to load resource: net::ERR_FAILED
[2026-10-05T11:17:39.001Z] [DEBUG]   [NET] GET 200 image/webp                     https://images.stripeassets.com/fzn2n1nzq965/3KSjL1PZiZAI0pmnL2kIYs/83687d485dad5d01dfb90f0893ec4a57/toyota.png?w=1632&fm=webp&q=90
[2026-10-05T11:17:39.003Z] [DEBUG]   [ASSET] /_assets/3157cdc9e2232b4c.png  <-  https://images.stripeassets.com/fzn2n1nzq965/3KSjL1PZiZAI0pmnL2kIYs/83687d485dad5d01dfb90f0893ec4a57/toyota.png?w=1632&fm=webp&q=90  (325.3KB, image/webp)
[2026-10-05T11:17:39.012Z] [DEBUG]   [NET] GET 200 text/javascript                https://b.stripecdn.com/mkt-ssr-statics/assets/_next/static/chunks/37482.7c845881555b71e7.js
[2026-10-05T11:17:39.013Z] [DEBUG]   [ASSET] /_assets/0a589ecdf6bc0710.js  <-  https://b.stripecdn.com/mkt-ssr-statics/assets/_next/static/chunks/37482.7c845881555b71e7.js  (0.9KB, text/javascript)
[2026-10-05T11:17:39.082Z] [DEBUG]   [NET] GET 200 text/javascript                https://b.stripecdn.com/mkt-ssr-statics/assets/_next/static/chunks/21624.d588c99c9476b9d1.js
[2026-10-05T11:17:39.083Z] [DEBUG]   [ASSET] /_assets/38006961cdf08338.js  <-  https://b.stripecdn.com/mkt-ssr-statics/assets/_next/static/chunks/21624.d588c99c9476b9d1.js  (1.6KB, text/javascript)
[2026-10-05T11:17:39.161Z] [DEBUG]   [NET] GET 200 image/webp                     https://images.stripeassets.com/fzn2n1nzq965/2AQaqFVlwXgXxBRIwIp9ry/c597bf42bd93eef022cbc6933c0d7cbc/QRCode.png?w=70&fm=webp&q=90
[2026-10-05T11:17:39.162Z] [DEBUG]   [ASSET] /_assets/7b5123b14e57a677.png  <-  https://images.stripeassets.com/fzn2n1nzq965/2AQaqFVlwXgXxBRIwIp9ry/c597bf42bd93eef022cbc6933c0d7cbc/QRCode.png?w=70&fm=webp&q=90  (2.6KB, image/webp)
[2026-10-05T11:17:39.391Z] [DEBUG]   [NET] GET 200 image/gif                      https://q.stripe.com/?cid=31f896a7-7794-45a8-a40a-4e98c32e24bb&lsid=31f896a7-7794-45a8-a40a-4e98c32e24bb&analytics_ua=analytics.js-CURRENT_VERSION&ua_browser_name=Chrome&ua_browser_version=120.0.0.0&ua_os_name=Windows&ua_os_version=10&ua_engine_name=Blink&ua_engine_version=120.0.0.0&page=%2F&referrer=&domain=stripe.com&viewport_height=900&viewport_width=1440&category=Page&label=percent_50&value=undefined&from_mkt_srv=true&document_height=15342&scroll_y=8820&stripe_locale=en-JP&unglobalized_path=%2F&token_b057adf6=b057adf6b78f935b0c5e04130709f884cfc018c3&action_name=scrolled&viewed_name=home&event=scrolled.action&event_count=19&page_view_id=024153c1-52a5-40ba-b077-3a45d737db71&event_id=024153c1-52a5-40ba-b077-3a45d737db71_19&privacy_consent_loaded=true&privacy_consent_functional=true&privacy_consent_advertising=true
[2026-10-05T11:17:39.840Z] [DEBUG]   [ABORT] https://r.stripe.com/0
[2026-10-05T11:17:39.841Z] [DEBUG]   [ABORT] https://r.stripe.com/0
[2026-10-05T11:17:39.861Z] [DEBUG]   [CONSOLE ERROR] Failed to load resource: net::ERR_FAILED
[2026-10-05T11:17:39.862Z] [DEBUG]   [CONSOLE ERROR] Failed to load resource: net::ERR_FAILED
[2026-10-05T11:17:40.381Z] [DEBUG]   [NET] GET 200 image/gif                      https://q.stripe.com/?cid=31f896a7-7794-45a8-a40a-4e98c32e24bb&lsid=31f896a7-7794-45a8-a40a-4e98c32e24bb&analytics_ua=analytics.js-CURRENT_VERSION&ua_browser_name=Chrome&ua_browser_version=120.0.0.0&ua_os_name=Windows&ua_os_version=10&ua_engine_name=Blink&ua_engine_version=120.0.0.0&page=%2F&referrer=&domain=stripe.com&viewport_height=900&viewport_width=1440&category=Page&label=percent_90&value=undefined&from_mkt_srv=true&document_height=15341&scroll_y=14441&stripe_locale=en-JP&unglobalized_path=%2F&token_b057adf6=b057adf6b78f935b0c5e04130709f884cfc018c3&action_name=scrolled&viewed_name=home&event=scrolled.action&event_count=21&page_view_id=024153c1-52a5-40ba-b077-3a45d737db71&event_id=024153c1-52a5-40ba-b077-3a45d737db71_21&privacy_consent_loaded=true&privacy_consent_functional=true&privacy_consent_advertising=true
[2026-10-05T11:17:40.391Z] [DEBUG]   [NET] GET 200 image/gif                      https://q.stripe.com/?cid=31f896a7-7794-45a8-a40a-4e98c32e24bb&lsid=31f896a7-7794-45a8-a40a-4e98c32e24bb&analytics_ua=analytics.js-CURRENT_VERSION&ua_browser_name=Chrome&ua_browser_version=120.0.0.0&ua_os_name=Windows&ua_os_version=10&ua_engine_name=Blink&ua_engine_version=120.0.0.0&page=%2F&referrer=&domain=stripe.com&viewport_height=900&viewport_width=1440&category=Page&label=percent_75&value=undefined&from_mkt_srv=true&document_height=15341&scroll_y=14441&stripe_locale=en-JP&unglobalized_path=%2F&token_b057adf6=b057adf6b78f935b0c5e04130709f884cfc018c3&action_name=scrolled&viewed_name=home&event=scrolled.action&event_count=20&page_view_id=024153c1-52a5-40ba-b077-3a45d737db71&event_id=024153c1-52a5-40ba-b077-3a45d737db71_20&privacy_consent_loaded=true&privacy_consent_functional=true&privacy_consent_advertising=true
[2026-10-05T11:17:40.511Z] [DEBUG]   [NET] GET 200 image/webp                     https://images.stripeassets.com/fzn2n1nzq965/5dQAw5oJf3TOO1Jt6IKDRH/f391594c11f38d821259acdd3412a7a6/platform-graphic-background_2x.png?w=1632&fm=webp&q=90
[2026-10-05T11:17:40.512Z] [DEBUG]   [ASSET] /_assets/75193e1ee7e5a887.png  <-  https://images.stripeassets.com/fzn2n1nzq965/5dQAw5oJf3TOO1Jt6IKDRH/f391594c11f38d821259acdd3412a7a6/platform-graphic-background_2x.png?w=1632&fm=webp&q=90  (143.3KB, image/webp)
[2026-10-05T11:17:44.143Z] [DEBUG]   [NET] GET 200 image/webp                     https://images.stripeassets.com/fzn2n1nzq965/1UE1lPgwbfQRH586XfTWKM/f90bfc79f87b3e60a4189cc0f5a03228/showflix-streaming.jpg?w=80&fm=webp&q=90
[2026-10-05T11:17:44.144Z] [DEBUG]   [ASSET] /_assets/2e60e6003f6cbc1c.jpg  <-  https://images.stripeassets.com/fzn2n1nzq965/1UE1lPgwbfQRH586XfTWKM/f90bfc79f87b3e60a4189cc0f5a03228/showflix-streaming.jpg?w=80&fm=webp&q=90  (0.7KB, image/webp)
[2026-10-05T11:17:55.403Z] [DEBUG]   [DOM ASSETS] 300 lazy/data asset refs found (shopify deep)
[2026-10-05T11:17:57.996Z] [DEBUG]   [ASSET] /_assets/b85b879231b1d971.webp  <-  https://b.stripecdn.com/mkt-ssr-statics/assets/_next/static/media/wave-fallback-mobile-1x.80eb433a.webp  (17.5KB, image/webp)
[2026-10-05T11:17:58.057Z] [DEBUG]   [ASSET] /_assets/8ccfe197d4e7252b.webp  <-  https://b.stripecdn.com/mkt-ssr-statics/assets/_next/static/media/wave-fallback-tablet-1x.c0413950.webp  (26.5KB, image/webp)
[2026-10-05T11:17:58.201Z] [DEBUG]   [ASSET] /_assets/be1bb11fadca0cb8.webp  <-  https://b.stripecdn.com/mkt-ssr-statics/assets/_next/static/media/wave-fallback-desktop-2x.f0521908.webp  (91.4KB, image/webp)
[2026-10-05T11:17:58.267Z] [DEBUG]   [ASSET] /_assets/d8039133c6e34f43.webp  <-  https://b.stripecdn.com/mkt-ssr-statics/assets/_next/static/media/wave-fallback-mobile-2x.3638535c.webp  (45.2KB, image/webp)
[2026-10-05T11:17:58.528Z] [DEBUG]   [ASSET] /_assets/339c7cfdfe19c4f7.webp  <-  https://b.stripecdn.com/mkt-ssr-statics/assets/_next/static/media/wave-fallback-tablet-2x.96d6cae7.webp  (72.4KB, image/webp)
[2026-10-05T11:17:59.628Z] [DEBUG]   [ASSET] /_assets/5a12bf6c13c4587d.jpg  <-  https://images.stripeassets.com/fzn2n1nzq965/m9HBEK464p46FeNIhs2PV/f5054a93c8a0a6aabdd1c47675d610ae/wave_crop.jpg?w=396&fm=webp&q=80  (4.6KB, image/webp)
[2026-10-05T11:17:59.839Z] [DEBUG]   [ASSET] /_assets/33ef9e2fff4e5fc3.jpg  <-  https://images.stripeassets.com/fzn2n1nzq965/m9HBEK464p46FeNIhs2PV/f5054a93c8a0a6aabdd1c47675d610ae/wave_crop.jpg?w=296&fm=webp&q=80  (3.3KB, image/webp)
[2026-10-05T11:18:00.150Z] [DEBUG]   [ASSET] /_assets/5407e70f2bd3f034.jpg  <-  https://images.stripeassets.com/fzn2n1nzq965/m9HBEK464p46FeNIhs2PV/f5054a93c8a0a6aabdd1c47675d610ae/wave_crop.jpg?w=608&fm=webp&q=80  (9.3KB, image/webp)
[2026-10-05T11:18:00.169Z] [DEBUG]   [ASSET] /_assets/941c3ccbd2a82a0f.jpg  <-  https://images.stripeassets.com/fzn2n1nzq965/m9HBEK464p46FeNIhs2PV/f5054a93c8a0a6aabdd1c47675d610ae/wave_crop.jpg?w=296&q=80  (6.7KB, image/jpeg)
[2026-10-05T11:18:00.267Z] [DEBUG]   [ASSET] /_assets/83f5b555542958e4.jpg  <-  https://images.stripeassets.com/fzn2n1nzq965/m9HBEK464p46FeNIhs2PV/f5054a93c8a0a6aabdd1c47675d610ae/wave_crop.jpg?w=816&fm=webp&q=80  (14.9KB, image/webp)
[2026-10-05T11:18:00.329Z] [DEBUG]   [ASSET] /_assets/acab2716b95d2207.jpg  <-  https://images.stripeassets.com/fzn2n1nzq965/m9HBEK464p46FeNIhs2PV/f5054a93c8a0a6aabdd1c47675d610ae/wave_crop.jpg?w=1104&fm=webp&q=80  (25.5KB, image/webp)
[2026-10-05T11:18:00.388Z] [DEBUG]   [ASSET] /_assets/536f55e3cdca8c93.jpg  <-  https://images.stripeassets.com/fzn2n1nzq965/m9HBEK464p46FeNIhs2PV/f5054a93c8a0a6aabdd1c47675d610ae/wave_crop.jpg?w=396&q=80  (9.8KB, image/jpeg)
[2026-10-05T11:18:00.728Z] [DEBUG]   [ASSET] /_assets/06dfd27c83540f42.jpg  <-  https://images.stripeassets.com/fzn2n1nzq965/m9HBEK464p46FeNIhs2PV/f5054a93c8a0a6aabdd1c47675d610ae/wave_crop.jpg?w=608&q=80  (17.3KB, image/jpeg)
[2026-10-05T11:18:01.439Z] [DEBUG]   [ASSET] /_assets/76fcabc081032401.jpg  <-  https://images.stripeassets.com/fzn2n1nzq965/3NcSrMqMgaKe75QNr8wZI8/46d520dfc48c5b9f1c59dcde9460b58c/connect-bento-card-background-image.jpg?w=1232&fm=webp&q=90  (75.3KB, image/webp)
[2026-10-05T11:18:01.928Z] [DEBUG]   [ASSET] /_assets/f8c6fff721b879d8.jpg  <-  https://images.stripeassets.com/fzn2n1nzq965/3NcSrMqMgaKe75QNr8wZI8/46d520dfc48c5b9f1c59dcde9460b58c/connect-bento-card-background-image.jpg?w=1232&q=90  (134.4KB, image/jpeg)
[2026-10-05T11:18:02.510Z] [DEBUG]   [ASSET] /_assets/f8fa4a948e72c321.jpg  <-  https://images.stripeassets.com/fzn2n1nzq965/3NcSrMqMgaKe75QNr8wZI8/46d520dfc48c5b9f1c59dcde9460b58c/connect-bento-card-background-image.jpg?w=2464&fm=webp&q=90  (290.4KB, image/webp)
[2026-10-05T11:18:03.059Z] [DEBUG]   [ASSET] /_assets/b46648d68562c2f8.jpg  <-  https://images.stripeassets.com/fzn2n1nzq965/3NcSrMqMgaKe75QNr8wZI8/46d520dfc48c5b9f1c59dcde9460b58c/connect-bento-card-background-image.jpg?w=2464&q=90  (525.8KB, image/jpeg)
[2026-10-05T11:18:03.378Z] [DEBUG]   [ASSET] /_assets/b4033cea01bda971.png  <-  https://images.stripeassets.com/fzn2n1nzq965/1eVnXDn2uKF2Ka43laIhhu/4ecb3ba902b71ef5bdabf4ff88dffbe7/Background.png?w=384&fm=webp&q=90  (14.8KB, image/webp)
[2026-10-05T11:18:03.441Z] [DEBUG]   [ASSET] /_assets/7a64bd7c4159ef01.png  <-  https://images.stripeassets.com/fzn2n1nzq965/1eVnXDn2uKF2Ka43laIhhu/4ecb3ba902b71ef5bdabf4ff88dffbe7/Background.png?w=768&fm=webp&q=90  (60.0KB, image/webp)
[2026-10-05T11:18:03.809Z] [DEBUG]   [ASSET] /_assets/5dcb6220549f221e.png  <-  https://images.stripeassets.com/fzn2n1nzq965/63zO5Z4CABvFl3pLLhnu3l/a9c12c883f820dc29d29fa0b9dcb0814/DatavizStatic3x.png?w=768&fm=webp&q=90  (91.1KB, image/webp)
[2026-10-05T11:18:04.568Z] [DEBUG]   [ASSET] /_assets/d5acb1c599fe084a.png  <-  https://images.stripeassets.com/fzn2n1nzq965/1eVnXDn2uKF2Ka43laIhhu/4ecb3ba902b71ef5bdabf4ff88dffbe7/Background.png?w=384&q=90  (99.7KB, image/png)
[2026-10-05T11:18:04.621Z] [DEBUG]   [ASSET] /_assets/156f4cc185e9f73e.png  <-  https://images.stripeassets.com/fzn2n1nzq965/63zO5Z4CABvFl3pLLhnu3l/a9c12c883f820dc29d29fa0b9dcb0814/DatavizStatic3x.png?w=1536&fm=webp&q=90  (275.4KB, image/webp)
[2026-10-05T11:18:05.292Z] [DEBUG]   [ASSET] /_assets/fb16f771329cb2c9.png  <-  https://images.stripeassets.com/fzn2n1nzq965/1eVnXDn2uKF2Ka43laIhhu/4ecb3ba902b71ef5bdabf4ff88dffbe7/Background.png?w=768&q=90  (425.8KB, image/png)
[2026-10-05T11:18:05.613Z] [DEBUG]   [ASSET] /_assets/9db7a30a8720449b.png  <-  https://images.stripeassets.com/fzn2n1nzq965/673WA1nODKx1d58ALsLbKj/305133d6aae8811d9a15cb6d7ce9465c/enterprise-accordion-dena.png?w=296&fm=webp&q=90  (17.1KB, image/webp)
[2026-10-05T11:18:05.616Z] [DEBUG]   [ASSET] /_assets/8f130103943f8cf0.png  <-  https://images.stripeassets.com/fzn2n1nzq965/673WA1nODKx1d58ALsLbKj/305133d6aae8811d9a15cb6d7ce9465c/enterprise-accordion-dena.png?w=396&fm=webp&q=90  (31.5KB, image/webp)
[2026-10-05T11:18:05.690Z] [DEBUG]   [ASSET] /_assets/642713f11c5afbe8.png  <-  https://images.stripeassets.com/fzn2n1nzq965/673WA1nODKx1d58ALsLbKj/305133d6aae8811d9a15cb6d7ce9465c/enterprise-accordion-dena.png?w=608&fm=webp&q=90  (74.2KB, image/webp)
[2026-10-05T11:18:05.972Z] [DEBUG]   [ASSET] /_assets/dc00c6201b626171.png  <-  https://images.stripeassets.com/fzn2n1nzq965/5Ha7TddbUvRRq4OCVFzOaL/969f8a4f61e986a44deccb3daae71ffe/enterprise-accordion-nikkei.png?w=296&fm=webp&q=90  (7.6KB, image/webp)
[2026-10-05T11:18:05.983Z] [DEBUG]   [ASSET] /_assets/534f38e2abd50f2f.png  <-  https://images.stripeassets.com/fzn2n1nzq965/5Ha7TddbUvRRq4OCVFzOaL/969f8a4f61e986a44deccb3daae71ffe/enterprise-accordion-nikkei.png?w=608&fm=webp&q=90  (24.1KB, image/webp)
[2026-10-05T11:18:06.079Z] [DEBUG]   [ASSET] /_assets/4f5182f8885e0572.png  <-  https://images.stripeassets.com/fzn2n1nzq965/5Ha7TddbUvRRq4OCVFzOaL/969f8a4f61e986a44deccb3daae71ffe/enterprise-accordion-nikkei.png?w=396&fm=webp&q=90  (12.3KB, image/webp)
[2026-10-05T11:18:06.121Z] [DEBUG]   [ASSET] /_assets/ed9a028f7a9f0c5c.png  <-  https://images.stripeassets.com/fzn2n1nzq965/5Ha7TddbUvRRq4OCVFzOaL/969f8a4f61e986a44deccb3daae71ffe/enterprise-accordion-nikkei.png?w=816&fm=webp&q=90  (46.2KB, image/webp)
[2026-10-05T11:18:06.302Z] [DEBUG]   [ASSET] /_assets/0558e4aeab7d6fa2.png  <-  https://images.stripeassets.com/fzn2n1nzq965/5Ha7TddbUvRRq4OCVFzOaL/969f8a4f61e986a44deccb3daae71ffe/enterprise-accordion-nikkei.png?w=1232&fm=webp&q=90  (71.5KB, image/webp)
[2026-10-05T11:18:06.320Z] [DEBUG]   [ASSET] /_assets/7d6ea6088c1804c6.png  <-  https://images.stripeassets.com/fzn2n1nzq965/5Ha7TddbUvRRq4OCVFzOaL/969f8a4f61e986a44deccb3daae71ffe/enterprise-accordion-nikkei.png?w=1632&fm=webp&q=90  (116.9KB, image/webp)
[2026-10-05T11:18:07.739Z] [DEBUG]   [ASSET] /_assets/8fba951700bcd688.png  <-  https://images.stripeassets.com/fzn2n1nzq965/5Ha7TddbUvRRq4OCVFzOaL/969f8a4f61e986a44deccb3daae71ffe/enterprise-accordion-nikkei.png?w=296&q=90  (48.9KB, image/png)
[2026-10-05T11:18:07.939Z] [DEBUG]   [ASSET] /_assets/6329ff9e7b153086.png  <-  https://images.stripeassets.com/fzn2n1nzq965/5Ha7TddbUvRRq4OCVFzOaL/969f8a4f61e986a44deccb3daae71ffe/enterprise-accordion-nikkei.png?w=396&q=90  (80.8KB, image/png)
[2026-10-05T11:18:08.313Z] [DEBUG]   [ASSET] /_assets/28ab4cb5026c482f.png  <-  https://images.stripeassets.com/fzn2n1nzq965/5Ha7TddbUvRRq4OCVFzOaL/969f8a4f61e986a44deccb3daae71ffe/enterprise-accordion-nikkei.png?w=2460&fm=webp&q=90  (191.2KB, image/webp)
[2026-10-05T11:18:08.592Z] [DEBUG]   [ASSET] /_assets/6b36a23edfd6f9e7.png  <-  https://images.stripeassets.com/fzn2n1nzq965/5WP2MA7jqkvGH7pxkr8opu/47a89044b2cd2eb4c61a8cc285c010fd/enterprise-accordion-tokyu.png?w=296&fm=webp&q=90  (14.0KB, image/webp)
[2026-10-05T11:18:08.689Z] [DEBUG]   [ASSET] /_assets/6e02a8e849088f37.png  <-  https://images.stripeassets.com/fzn2n1nzq965/5WP2MA7jqkvGH7pxkr8opu/47a89044b2cd2eb4c61a8cc285c010fd/enterprise-accordion-tokyu.png?w=396&fm=webp&q=90  (23.5KB, image/webp)
[2026-10-05T11:18:08.960Z] [DEBUG]   [ASSET] /_assets/b6521f6d4a0f734e.png  <-  https://images.stripeassets.com/fzn2n1nzq965/5WP2MA7jqkvGH7pxkr8opu/47a89044b2cd2eb4c61a8cc285c010fd/enterprise-accordion-tokyu.png?w=608&fm=webp&q=90  (51.1KB, image/webp)
[2026-10-05T11:18:09.012Z] [DEBUG]   [ASSET] /_assets/d292d2dcd4a6a538.png  <-  https://images.stripeassets.com/fzn2n1nzq965/5WP2MA7jqkvGH7pxkr8opu/47a89044b2cd2eb4c61a8cc285c010fd/enterprise-accordion-tokyu.png?w=816&fm=webp&q=90  (100.0KB, image/webp)
[2026-10-05T11:18:09.129Z] [DEBUG]   [ASSET] /_assets/4ac9c7484ffb0a15.png  <-  https://images.stripeassets.com/fzn2n1nzq965/5WP2MA7jqkvGH7pxkr8opu/47a89044b2cd2eb4c61a8cc285c010fd/enterprise-accordion-tokyu.png?w=1232&fm=webp&q=90  (184.1KB, image/webp)
[2026-10-05T11:18:09.420Z] [DEBUG]   [ASSET] /_assets/b7ebcf574277df73.png  <-  https://images.stripeassets.com/fzn2n1nzq965/yqIFyZRGU5zDwdUsWtUyM/25b9f23c748c4d54079a09016fde59d8/annual-letter-mobile.png?w=336&fm=webp&q=90  (8.7KB, image/webp)
[2026-10-05T11:18:09.724Z] [DEBUG]   [ASSET] /_assets/b881fd2a018f4197.png  <-  https://images.stripeassets.com/fzn2n1nzq965/6yE6G454SGCJnJgEYsS2MB/70b405a1dce904bc0c6f2698223fb966/the-happenings-bfcm-mobile.png?w=336&fm=webp&q=90  (17.7KB, image/webp)
[2026-10-05T11:18:09.793Z] [DEBUG]   [ASSET] /_assets/2d4e4728f48c13d0.png  <-  https://images.stripeassets.com/fzn2n1nzq965/33xcv8eCmXzMzWXicVQ4cF/83d91fa419ff8d1b9466739b4ecdcb1d/the-happenings-tidemark-mobile.png?w=336&fm=webp&q=90  (18.7KB, image/webp)
[2026-10-05T11:18:09.949Z] [DEBUG]   [ASSET] /_assets/b84ea5cc03ea7e65.png  <-  https://images.stripeassets.com/fzn2n1nzq965/33xcv8eCmXzMzWXicVQ4cF/83d91fa419ff8d1b9466739b4ecdcb1d/the-happenings-tidemark-mobile.png?w=672&fm=webp&q=90  (65.7KB, image/webp)
[2026-10-05T11:18:09.951Z] [DEBUG]   [ASSET] /_assets/3804c54e1ec89ae0.png  <-  https://images.stripeassets.com/fzn2n1nzq965/6yE6G454SGCJnJgEYsS2MB/70b405a1dce904bc0c6f2698223fb966/the-happenings-bfcm-mobile.png?w=672&fm=webp&q=90  (68.2KB, image/webp)
[2026-10-05T11:18:10.650Z] [DEBUG]   [ASSET] /_assets/c5ed7e184121ba48.png  <-  https://images.stripeassets.com/fzn2n1nzq965/6yE6G454SGCJnJgEYsS2MB/70b405a1dce904bc0c6f2698223fb966/the-happenings-bfcm-mobile.png?w=336&q=90  (156.8KB, image/png)
[2026-10-05T11:18:10.780Z] [DEBUG]   [ASSET] /_assets/42aa398235444a60.png  <-  https://images.stripeassets.com/fzn2n1nzq965/33xcv8eCmXzMzWXicVQ4cF/83d91fa419ff8d1b9466739b4ecdcb1d/the-happenings-tidemark-mobile.png?w=336&q=90  (137.4KB, image/png)
[2026-10-05T11:18:11.875Z] [DEBUG]   [ASSET] /_assets/37f7ca26c30fb4e0.png  <-  https://images.stripeassets.com/fzn2n1nzq965/6yE6G454SGCJnJgEYsS2MB/70b405a1dce904bc0c6f2698223fb966/the-happenings-bfcm-mobile.png?w=672&q=90  (644.4KB, image/png)
[2026-10-05T11:18:12.172Z] [DEBUG]   [ASSET] /_assets/55167440f7f2d084.png  <-  https://images.stripeassets.com/fzn2n1nzq965/t03tXrgvnHUPGwxYUgSxN/bd8da003434c9e9fb72c719b9edb429b/the-happenings-cheeky-pint-mobile.png?w=336&fm=webp&q=90  (12.7KB, image/webp)
[2026-10-05T11:18:12.207Z] [DEBUG]   [ASSET] /_assets/ff586f0afaf645d4.png  <-  https://images.stripeassets.com/fzn2n1nzq965/Pd2JQ7FZ1pYMIMGDwvMdV/13e7e021ca23d042da8ac07be829f7ef/the-happenings-payment-processing-mobile.png?w=336&fm=webp&q=90  (15.8KB, image/webp)
[2026-10-05T11:18:12.209Z] [DEBUG]   [ASSET] /_assets/beca760c20e59071.png  <-  https://images.stripeassets.com/fzn2n1nzq965/4LaZVLqDqGf9091wqUAmFp/fbe9fc307e1336b69bcd9be4ec5c4752/the-happenings-crypto-mobile.png?w=336&fm=webp&q=90  (3.2KB, image/webp)
[2026-10-05T11:18:12.230Z] [DEBUG]   [ASSET] /_assets/41c93d22cf706d07.png  <-  https://images.stripeassets.com/fzn2n1nzq965/t03tXrgvnHUPGwxYUgSxN/bd8da003434c9e9fb72c719b9edb429b/the-happenings-cheeky-pint-mobile.png?w=672&fm=webp&q=90  (40.5KB, image/webp)
[2026-10-05T11:18:12.300Z] [DEBUG]   [ASSET] /_assets/ff72bdf0ca84a121.png  <-  https://images.stripeassets.com/fzn2n1nzq965/Pd2JQ7FZ1pYMIMGDwvMdV/13e7e021ca23d042da8ac07be829f7ef/the-happenings-payment-processing-mobile.png?w=672&fm=webp&q=90  (59.5KB, image/webp)
[2026-10-05T11:18:12.996Z] [DEBUG]   [ASSET] /_assets/193c06f642997962.png  <-  https://images.stripeassets.com/fzn2n1nzq965/t03tXrgvnHUPGwxYUgSxN/bd8da003434c9e9fb72c719b9edb429b/the-happenings-cheeky-pint-mobile.png?w=336&q=90  (146.9KB, image/png)
[2026-10-05T11:18:14.213Z] [DEBUG]   [ASSET] /_assets/de381e35286bdee4.png  <-  https://images.stripeassets.com/fzn2n1nzq965/t03tXrgvnHUPGwxYUgSxN/bd8da003434c9e9fb72c719b9edb429b/the-happenings-cheeky-pint-mobile.png?w=672&q=90  (510.6KB, image/png)
[2026-10-05T11:18:14.340Z] [DEBUG]   [ASSET] /_assets/a476e3c66a03a45b.png  <-  https://images.stripeassets.com/fzn2n1nzq965/Pd2JQ7FZ1pYMIMGDwvMdV/13e7e021ca23d042da8ac07be829f7ef/the-happenings-payment-processing-mobile.png?w=336&q=90  (144.3KB, image/png)
[2026-10-05T11:18:17.193Z] [DEBUG]   [ASSET] /_assets/411a7d0f890cd6a8.png  <-  https://images.stripeassets.com/fzn2n1nzq965/Pd2JQ7FZ1pYMIMGDwvMdV/13e7e021ca23d042da8ac07be829f7ef/the-happenings-payment-processing-mobile.png?w=672&q=90  (548.7KB, image/png)
[2026-10-05T11:18:18.015Z] [DEBUG]   [ASSET] /_assets/c1d84903fc071b4c.png  <-  https://images.stripeassets.com/fzn2n1nzq965/1k7ckFceNFlxqF47hWJUlM/eaa4d8b3f8e4b76ba3dd7df7da88e099/the-happenings-agentic-mobile.png?w=672&q=90  (6.2KB, image/png)
[2026-10-05T11:18:18.583Z] [DEBUG]   [ASSET] /_assets/2605e2168a4ece9e.png  <-  https://images.stripeassets.com/fzn2n1nzq965/1k7ckFceNFlxqF47hWJUlM/eaa4d8b3f8e4b76ba3dd7df7da88e099/the-happenings-agentic-mobile.png?w=336&fm=webp&q=90  (4.6KB, image/webp)
[2026-10-05T11:18:18.848Z] [DEBUG]   [ASSET] /_assets/2e2709c17fd80829.png  <-  https://images.stripeassets.com/fzn2n1nzq965/1k7ckFceNFlxqF47hWJUlM/eaa4d8b3f8e4b76ba3dd7df7da88e099/the-happenings-agentic-mobile.png?w=672&fm=webp&q=90  (11.1KB, image/webp)
[2026-10-05T11:18:18.931Z] [DEBUG]   [ASSET] /_assets/9d6929377eae71fb.png  <-  https://images.stripeassets.com/fzn2n1nzq965/7EVLwfXmG3pl1vhBssMrFB/b6d8612b1f567922c1355d864c279678/the-happenings-payment-retailers-mobile.png?w=336&fm=webp&q=90  (26.0KB, image/webp)
[2026-10-05T11:18:19.322Z] [DEBUG]   [ASSET] /_assets/f43160f650f1664f.png  <-  https://images.stripeassets.com/fzn2n1nzq965/7EVLwfXmG3pl1vhBssMrFB/b6d8612b1f567922c1355d864c279678/the-happenings-payment-retailers-mobile.png?w=672&fm=webp&q=90  (82.5KB, image/webp)
[2026-10-05T11:18:19.404Z] [DEBUG]   [ASSET] /_assets/40ce4dc1952c1c55.png  <-  https://images.stripeassets.com/fzn2n1nzq965/1k7ckFceNFlxqF47hWJUlM/eaa4d8b3f8e4b76ba3dd7df7da88e099/the-happenings-agentic-mobile.png?w=336&q=90  (13.3KB, image/png)
[2026-10-05T11:18:19.934Z] [DEBUG]   [ASSET] /_assets/04850e4b279ba849.png  <-  https://images.stripeassets.com/fzn2n1nzq965/7EVLwfXmG3pl1vhBssMrFB/b6d8612b1f567922c1355d864c279678/the-happenings-payment-retailers-mobile.png?w=336&q=90  (196.7KB, image/png)
[2026-10-05T11:18:20.214Z] [DEBUG]   [ASSET] /_assets/e1e07d9b9e77fe11.png  <-  https://images.stripeassets.com/fzn2n1nzq965/4vVgZi0ZMoEzOhkcv7EVwK/8cce6fdcf2733b2ec8e99548908847ed/favicon.png?w=96&h=96  (1.5KB, image/png)
[2026-10-05T11:18:20.216Z] [DEBUG]   [ASSET] /_assets/7d95ff58537a21ff.png  <-  https://images.stripeassets.com/fzn2n1nzq965/4vVgZi0ZMoEzOhkcv7EVwK/8cce6fdcf2733b2ec8e99548908847ed/favicon.png?w=180&h=180  (3.1KB, image/png)
[2026-10-05T11:18:21.038Z] [DEBUG]   [ASSET] /_assets/b3e27b57b63bd96c.ico  <-  https://assets.stripeassets.com/fzn2n1nzq965/nu0iR4KqmkdJ52fgRts09/c3a10df318e7ffb1f516073daadea625/favicon.ico  (14.7KB, image/x-icon)
[2026-10-05T11:18:21.084Z] [DEBUG]   [ASSET] /_assets/3f4899d0f1d29d89.js  <-  https://b.stripecdn.com/mkt-ssr-statics/assets/_next/static/chunks/polyfills-42372ed130431b0a.js  (110.0KB, text/javascript)
[2026-10-05T11:18:21.085Z] [DEBUG]   [CSS REWRITE] https://b.stripecdn.com/mkt-ssr-statics/assets/_next/static/css/5f8c822d1f0f2d3e.css: 3/3 url() refs rewritten
[2026-10-05T11:18:24.636Z] [DEBUG]   [INTERACT] Clicking 4 interactive element(s) to surface API calls
[2026-10-05T11:18:25.002Z] [DEBUG]   [ABORT] https://r.stripe.com/0
[2026-10-05T11:18:25.010Z] [DEBUG]   [CONSOLE ERROR] Failed to load resource: net::ERR_FAILED
[2026-10-05T11:18:25.383Z] [DEBUG]   [ABORT] https://r.stripe.com/0
[2026-10-05T11:18:25.402Z] [DEBUG]   [CONSOLE ERROR] Failed to load resource: net::ERR_FAILED
[2026-10-05T11:18:25.738Z] [DEBUG]   [ABORT] https://r.stripe.com/0
[2026-10-05T11:18:25.756Z] [DEBUG]   [CONSOLE ERROR] Failed to load resource: net::ERR_FAILED
[2026-10-05T11:18:26.148Z] [DEBUG]   [NET] GET 200 image/gif                      https://q.stripe.com/?cid=31f896a7-7794-45a8-a40a-4e98c32e24bb&lsid=31f896a7-7794-45a8-a40a-4e98c32e24bb&analytics_ua=analytics.js-CURRENT_VERSION&ua_browser_name=Chrome&ua_browser_version=120.0.0.0&ua_os_name=Windows&ua_os_version=10&ua_engine_name=Blink&ua_engine_version=120.0.0.0&page=%2F&referrer=&domain=stripe.com&viewport_height=900&viewport_width=1440&category=Custom%20interactive%20components&label=accordion_expanded__dena&value=undefined&from_mkt_srv=true&document_height=15341&scroll_y=6853&stripe_locale=en-JP&unglobalized_path=%2F&token_b057adf6=b057adf6b78f935b0c5e04130709f884cfc018c3&action_name=clicked&viewed_name=home&event=clicked.action&event_count=22&page_view_id=024153c1-52a5-40ba-b077-3a45d737db71&event_id=024153c1-52a5-40ba-b077-3a45d737db71_22&privacy_consent_loaded=true&privacy_consent_functional=true&privacy_consent_advertising=true
[2026-10-05T11:18:27.164Z] [DEBUG]   [NET] GET 200 image/gif                      https://q.stripe.com/?cid=31f896a7-7794-45a8-a40a-4e98c32e24bb&lsid=31f896a7-7794-45a8-a40a-4e98c32e24bb&analytics_ua=analytics.js-CURRENT_VERSION&ua_browser_name=Chrome&ua_browser_version=120.0.0.0&ua_os_name=Windows&ua_os_version=10&ua_engine_name=Blink&ua_engine_version=120.0.0.0&page=%2F&referrer=&domain=stripe.com&viewport_height=900&viewport_width=1440&category=Custom%20interactive%20components&label=accordion_expanded__nikkei&value=undefined&from_mkt_srv=true&document_height=15341&scroll_y=6853&stripe_locale=en-JP&unglobalized_path=%2F&token_b057adf6=b057adf6b78f935b0c5e04130709f884cfc018c3&action_name=clicked&viewed_name=home&event=clicked.action&event_count=23&page_view_id=024153c1-52a5-40ba-b077-3a45d737db71&event_id=024153c1-52a5-40ba-b077-3a45d737db71_23&privacy_consent_loaded=true&privacy_consent_advertising=true&privacy_consent_functional=true
[2026-10-05T11:18:28.504Z] [DEBUG]   [NET] GET 200 image/gif                      https://q.stripe.com/?cid=31f896a7-7794-45a8-a40a-4e98c32e24bb&lsid=31f896a7-7794-45a8-a40a-4e98c32e24bb&analytics_ua=analytics.js-CURRENT_VERSION&ua_browser_name=Chrome&ua_browser_version=120.0.0.0&ua_os_name=Windows&ua_os_version=10&ua_engine_name=Blink&ua_engine_version=120.0.0.0&page=%2F&referrer=&domain=stripe.com&viewport_height=900&viewport_width=1440&category=Custom%20interactive%20components&label=accordion_expanded__tokyu&value=undefined&from_mkt_srv=true&document_height=15241&scroll_y=6797&stripe_locale=en-JP&unglobalized_path=%2F&token_b057adf6=b057adf6b78f935b0c5e04130709f884cfc018c3&action_name=clicked&viewed_name=home&event=clicked.action&event_count=24&page_view_id=024153c1-52a5-40ba-b077-3a45d737db71&event_id=024153c1-52a5-40ba-b077-3a45d737db71_24&privacy_consent_loaded=true&privacy_consent_functional=true&privacy_consent_advertising=true
[2026-10-05T11:18:28.815Z] [DEBUG]   [NET] GET 200 image/webp                     https://images.stripeassets.com/fzn2n1nzq965/1eVnXDn2uKF2Ka43laIhhu/4ecb3ba902b71ef5bdabf4ff88dffbe7/Background.png?w=384&fm=webp&q=90
[2026-10-05T11:18:28.855Z] [DEBUG]   [NET] GET 200 image/webp                     https://images.stripeassets.com/fzn2n1nzq965/yqIFyZRGU5zDwdUsWtUyM/25b9f23c748c4d54079a09016fde59d8/annual-letter-mobile.png?w=336&fm=webp&q=90
[2026-10-05T11:18:29.674Z] [DEBUG]   [NET] GET 200 image/webp                     https://images.stripeassets.com/fzn2n1nzq965/63zO5Z4CABvFl3pLLhnu3l/a9c12c883f820dc29d29fa0b9dcb0814/DatavizStatic3x.png?w=768&fm=webp&q=90
[2026-10-05T11:18:29.734Z] [DEBUG]   [NET] GET 200 image/webp                     https://images.stripeassets.com/fzn2n1nzq965/33xcv8eCmXzMzWXicVQ4cF/83d91fa419ff8d1b9466739b4ecdcb1d/the-happenings-tidemark-mobile.png?w=336&fm=webp&q=90
[2026-10-05T11:18:29.744Z] [DEBUG]   [NET] GET 200 image/webp                     https://images.stripeassets.com/fzn2n1nzq965/6yE6G454SGCJnJgEYsS2MB/70b405a1dce904bc0c6f2698223fb966/the-happenings-bfcm-mobile.png?w=336&fm=webp&q=90
[2026-10-05T11:18:29.864Z] [DEBUG]   [NET] GET 200 image/webp                     https://images.stripeassets.com/fzn2n1nzq965/m9HBEK464p46FeNIhs2PV/f5054a93c8a0a6aabdd1c47675d610ae/wave_crop.jpg?w=1104&fm=webp&q=80
[2026-10-05T11:18:30.034Z] [DEBUG]   [NET] GET 200 image/webp                     https://images.stripeassets.com/fzn2n1nzq965/5WP2MA7jqkvGH7pxkr8opu/47a89044b2cd2eb4c61a8cc285c010fd/enterprise-accordion-tokyu.png?w=1632&fm=webp&q=90
[2026-10-05T11:18:30.035Z] [DEBUG]   [ASSET] /_assets/850432b82a6d8478.png  <-  https://images.stripeassets.com/fzn2n1nzq965/5WP2MA7jqkvGH7pxkr8opu/47a89044b2cd2eb4c61a8cc285c010fd/enterprise-accordion-tokyu.png?w=1632&fm=webp&q=90  (305.2KB, image/webp)
[2026-10-05T11:18:30.305Z] [DEBUG]   [NET] GET 200 image/webp                     https://images.stripeassets.com/fzn2n1nzq965/3NcSrMqMgaKe75QNr8wZI8/46d520dfc48c5b9f1c59dcde9460b58c/connect-bento-card-background-image.jpg?w=1232&fm=webp&q=90
[2026-10-05T11:18:30.354Z] [DEBUG]   [NET] GET 200 image/webp                     https://images.stripeassets.com/fzn2n1nzq965/673WA1nODKx1d58ALsLbKj/305133d6aae8811d9a15cb6d7ce9465c/enterprise-accordion-dena.png?w=1632&fm=webp&q=90
[2026-10-05T11:18:30.356Z] [DEBUG]   [ASSET] /_assets/f30d59ba09609535.png  <-  https://images.stripeassets.com/fzn2n1nzq965/673WA1nODKx1d58ALsLbKj/305133d6aae8811d9a15cb6d7ce9465c/enterprise-accordion-dena.png?w=1632&fm=webp&q=90  (543.5KB, image/webp)
[2026-10-05T11:18:30.714Z] [DEBUG]   [NET] GET 200 image/webp                     https://images.stripeassets.com/fzn2n1nzq965/5Ha7TddbUvRRq4OCVFzOaL/969f8a4f61e986a44deccb3daae71ffe/enterprise-accordion-nikkei.png?w=1632&fm=webp&q=90
[2026-10-05T11:18:32.755Z] [DEBUG]   [NET] GET 200 image/webp                     https://images.stripeassets.com/fzn2n1nzq965/t03tXrgvnHUPGwxYUgSxN/bd8da003434c9e9fb72c719b9edb429b/the-happenings-cheeky-pint-mobile.png?w=336&fm=webp&q=90
[2026-10-05T11:18:32.836Z] [DEBUG]   [NET] GET 200 image/webp                     https://images.stripeassets.com/fzn2n1nzq965/Pd2JQ7FZ1pYMIMGDwvMdV/13e7e021ca23d042da8ac07be829f7ef/the-happenings-payment-processing-mobile.png?w=336&fm=webp&q=90
[2026-10-05T11:18:33.245Z] [DEBUG]   [NET] GET 200 image/webp                     https://images.stripeassets.com/fzn2n1nzq965/1k7ckFceNFlxqF47hWJUlM/eaa4d8b3f8e4b76ba3dd7df7da88e099/the-happenings-agentic-mobile.png?w=336&fm=webp&q=90
[2026-10-05T11:18:33.295Z] [DEBUG]   [NET] GET 200 image/webp                     https://images.stripeassets.com/fzn2n1nzq965/4LaZVLqDqGf9091wqUAmFp/fbe9fc307e1336b69bcd9be4ec5c4752/the-happenings-crypto-mobile.png?w=336&fm=webp&q=90
[2026-10-05T11:18:33.666Z] [DEBUG]   [NET] GET 200 image/webp                     https://images.stripeassets.com/fzn2n1nzq965/7EVLwfXmG3pl1vhBssMrFB/b6d8612b1f567922c1355d864c279678/the-happenings-payment-retailers-mobile.png?w=336&fm=webp&q=90
[2026-10-05T11:18:34.057Z] [DEBUG]   [ABORT] https://r.stripe.com/0
[2026-10-05T11:18:34.067Z] [DEBUG]   [CONSOLE ERROR] Failed to load resource: net::ERR_FAILED
[2026-10-05T11:18:34.142Z] [DEBUG]   [ABORT] https://r.stripe.com/0
[2026-10-05T11:18:34.220Z] [DEBUG]   [CONSOLE ERROR] Failed to load resource: net::ERR_FAILED
[2026-10-05T11:18:34.399Z] [DEBUG]   [ABORT] https://r.stripe.com/0
[2026-10-05T11:18:34.418Z] [DEBUG]   [CONSOLE ERROR] Failed to load resource: net::ERR_FAILED
[2026-10-05T11:18:34.687Z] [DEBUG]   [ABORT] https://r.stripe.com/0
[2026-10-05T11:18:34.691Z] [DEBUG]   [CONSOLE ERROR] Failed to load resource: net::ERR_FAILED
[2026-10-05T11:18:34.920Z] [DEBUG]   [ABORT] https://r.stripe.com/0
[2026-10-05T11:18:34.924Z] [DEBUG]   [CONSOLE ERROR] Failed to load resource: net::ERR_FAILED
[2026-10-05T11:18:34.947Z] [DEBUG]   [IMAGE FALLBACK] https://stripe.com/_assets/canvas_37e828af4ac98714.png -> HTTP 404, substituting placeholder for browser
[2026-10-05T11:18:35.104Z] [DEBUG]   [NET] GET 200 image/gif                      https://q.stripe.com/?cid=31f896a7-7794-45a8-a40a-4e98c32e24bb&lsid=31f896a7-7794-45a8-a40a-4e98c32e24bb&analytics_ua=analytics.js-CURRENT_VERSION&ua_browser_name=Chrome&ua_browser_version=120.0.0.0&ua_os_name=Windows&ua_os_version=10&ua_engine_name=Blink&ua_engine_version=120.0.0.0&page=%2F&referrer=&domain=stripe.com&viewport_height=900&viewport_width=1440&category=Navigation&label=SiteHeader&value=undefined&from_mkt_srv=true&document_height=15341&scroll_y=0&stripe_locale=en-JP&unglobalized_path=%2F&token_b057adf6=b057adf6b78f935b0c5e04130709f884cfc018c3&action_name=nav_dropdown_opened_0&viewed_name=home&event=nav_dropdown_opened_0.action&event_count=25&page_view_id=024153c1-52a5-40ba-b077-3a45d737db71&event_id=024153c1-52a5-40ba-b077-3a45d737db71_25&privacy_consent_loaded=true&privacy_consent_functional=true&privacy_consent_advertising=true
[2026-10-05T11:18:35.116Z] [DEBUG]   [IMAGE FALLBACK] https://stripe.com/_assets/canvas_7780474c52ee176f.png -> HTTP 404, substituting placeholder for browser
[2026-10-05T11:18:35.137Z] [DEBUG]   [IMAGE FALLBACK] https://stripe.com/_assets/canvas_047983225e62a27e.png -> HTTP 404, substituting placeholder for browser
[2026-10-05T11:18:35.147Z] [DEBUG]   [IMAGE FALLBACK] https://stripe.com/_assets/canvas_5a7cea55de1d0b08.png -> HTTP 404, substituting placeholder for browser
[2026-10-05T11:18:35.164Z] [DEBUG]   [NET] GET 200 image/gif                      https://q.stripe.com/?cid=31f896a7-7794-45a8-a40a-4e98c32e24bb&lsid=31f896a7-7794-45a8-a40a-4e98c32e24bb&analytics_ua=analytics.js-CURRENT_VERSION&ua_browser_name=Chrome&ua_browser_version=120.0.0.0&ua_os_name=Windows&ua_os_version=10&ua_engine_name=Blink&ua_engine_version=120.0.0.0&page=%2F&referrer=&domain=stripe.com&viewport_height=900&viewport_width=1440&category=Navigation&label=SiteHeader&value=undefined&from_mkt_srv=true&document_height=15341&scroll_y=0&stripe_locale=en-JP&unglobalized_path=%2F&token_b057adf6=b057adf6b78f935b0c5e04130709f884cfc018c3&action_name=nav_dropdown_opened_0&viewed_name=home&event=nav_dropdown_opened_0.action&event_count=26&page_view_id=024153c1-52a5-40ba-b077-3a45d737db71&event_id=024153c1-52a5-40ba-b077-3a45d737db71_26&privacy_consent_loaded=true&privacy_consent_advertising=true&privacy_consent_functional=true
[2026-10-05T11:18:35.205Z] [DEBUG]   [NET] GET 200 image/webp                     https://images.stripeassets.com/fzn2n1nzq965/1fXkzdGTGUqFS4khCdLKq8/5bc54c1739b62111a740119871d3582e/sessions-2026-nav-bg.png?w=760&fm=webp&q=90
[2026-10-05T11:18:35.207Z] [DEBUG]   [ASSET] /_assets/0ff8c9d22025fb59.png  <-  https://images.stripeassets.com/fzn2n1nzq965/1fXkzdGTGUqFS4khCdLKq8/5bc54c1739b62111a740119871d3582e/sessions-2026-nav-bg.png?w=760&fm=webp&q=90  (16.8KB, image/webp)
[2026-10-05T11:18:35.246Z] [DEBUG]   [NET] GET 200 image/gif                      https://q.stripe.com/?cid=31f896a7-7794-45a8-a40a-4e98c32e24bb&lsid=31f896a7-7794-45a8-a40a-4e98c32e24bb&analytics_ua=analytics.js-CURRENT_VERSION&ua_browser_name=Chrome&ua_browser_version=120.0.0.0&ua_os_name=Windows&ua_os_version=10&ua_engine_name=Blink&ua_engine_version=120.0.0.0&page=%2F&referrer=&domain=stripe.com&viewport_height=900&viewport_width=1440&category=Navigation&label=SiteHeader&value=undefined&from_mkt_srv=true&document_height=15341&scroll_y=0&stripe_locale=en-JP&unglobalized_path=%2F&token_b057adf6=b057adf6b78f935b0c5e04130709f884cfc018c3&action_name=nav_dropdown_opened_1&viewed_name=home&event=nav_dropdown_opened_1.action&event_count=27&page_view_id=024153c1-52a5-40ba-b077-3a45d737db71&event_id=024153c1-52a5-40ba-b077-3a45d737db71_27&privacy_consent_loaded=true&privacy_consent_advertising=true&privacy_consent_functional=true
[2026-10-05T11:18:35.286Z] [DEBUG]   [NET] GET 200 image/gif                      https://q.stripe.com/?cid=31f896a7-7794-45a8-a40a-4e98c32e24bb&lsid=31f896a7-7794-45a8-a40a-4e98c32e24bb&analytics_ua=analytics.js-CURRENT_VERSION&ua_browser_name=Chrome&ua_browser_version=120.0.0.0&ua_os_name=Windows&ua_os_version=10&ua_engine_name=Blink&ua_engine_version=120.0.0.0&page=%2F&referrer=&domain=stripe.com&viewport_height=900&viewport_width=1440&category=Navigation&label=SiteHeader&value=undefined&from_mkt_srv=true&document_height=15341&scroll_y=0&stripe_locale=en-JP&unglobalized_path=%2F&token_b057adf6=b057adf6b78f935b0c5e04130709f884cfc018c3&action_name=nav_dropdown_opened_2&viewed_name=home&event=nav_dropdown_opened_2.action&event_count=28&page_view_id=024153c1-52a5-40ba-b077-3a45d737db71&event_id=024153c1-52a5-40ba-b077-3a45d737db71_28&privacy_consent_loaded=true&privacy_consent_functional=true&privacy_consent_advertising=true
[2026-10-05T11:18:35.485Z] [DEBUG]   [NET] GET 200 image/gif                      https://q.stripe.com/?cid=31f896a7-7794-45a8-a40a-4e98c32e24bb&lsid=31f896a7-7794-45a8-a40a-4e98c32e24bb&analytics_ua=analytics.js-CURRENT_VERSION&ua_browser_name=Chrome&ua_browser_version=120.0.0.0&ua_os_name=Windows&ua_os_version=10&ua_engine_name=Blink&ua_engine_version=120.0.0.0&page=%2F&referrer=&domain=stripe.com&viewport_height=900&viewport_width=1440&category=Navigation&label=SiteHeader&value=undefined&from_mkt_srv=true&document_height=15341&scroll_y=0&stripe_locale=en-JP&unglobalized_path=%2F&token_b057adf6=b057adf6b78f935b0c5e04130709f884cfc018c3&action_name=nav_dropdown_opened_3&viewed_name=home&event=nav_dropdown_opened_3.action&event_count=29&page_view_id=024153c1-52a5-40ba-b077-3a45d737db71&event_id=024153c1-52a5-40ba-b077-3a45d737db71_29&privacy_consent_loaded=true&privacy_consent_advertising=true&privacy_consent_functional=true
[2026-10-05T11:18:36.078Z] [DEBUG]   [IMAGE FALLBACK] https://stripe.com/_assets/canvas_a1c852d05d97db81.png -> HTTP 404, substituting placeholder for browser
[2026-10-05T11:18:42.098Z] [DEBUG]   [ABORT] https://r.stripe.com/0
[2026-10-05T11:18:42.111Z] [DEBUG]   [CONSOLE ERROR] Failed to load resource: net::ERR_FAILED
[2026-10-05T11:18:42.646Z] [DEBUG]   [NET] GET 200 image/gif                      https://q.stripe.com/?cid=31f896a7-7794-45a8-a40a-4e98c32e24bb&lsid=31f896a7-7794-45a8-a40a-4e98c32e24bb&analytics_ua=analytics.js-CURRENT_VERSION&ua_browser_name=Chrome&ua_browser_version=120.0.0.0&ua_os_name=Windows&ua_os_version=10&ua_engine_name=Blink&ua_engine_version=120.0.0.0&page=%2F&referrer=&domain=stripe.com&viewport_height=900&viewport_width=1440&category=Custom%20interactive%20components&label=accordion_expanded__dena&value=undefined&from_mkt_srv=true&document_height=15341&scroll_y=6229&stripe_locale=en-JP&unglobalized_path=%2F&token_b057adf6=b057adf6b78f935b0c5e04130709f884cfc018c3&action_name=clicked&viewed_name=home&event=clicked.action&event_count=30&page_view_id=024153c1-52a5-40ba-b077-3a45d737db71&event_id=024153c1-52a5-40ba-b077-3a45d737db71_30&privacy_consent_loaded=true&privacy_consent_functional=true&privacy_consent_advertising=true
[2026-10-05T11:18:42.777Z] [DEBUG]   [ABORT] https://r.stripe.com/0
[2026-10-05T11:18:42.786Z] [DEBUG]   [CONSOLE ERROR] Failed to load resource: net::ERR_FAILED
[2026-10-05T11:18:43.317Z] [DEBUG]   [NET] GET 200 image/gif                      https://q.stripe.com/?cid=31f896a7-7794-45a8-a40a-4e98c32e24bb&lsid=31f896a7-7794-45a8-a40a-4e98c32e24bb&analytics_ua=analytics.js-CURRENT_VERSION&ua_browser_name=Chrome&ua_browser_version=120.0.0.0&ua_os_name=Windows&ua_os_version=10&ua_engine_name=Blink&ua_engine_version=120.0.0.0&page=%2F&referrer=&domain=stripe.com&viewport_height=900&viewport_width=1440&category=Custom%20interactive%20components&label=accordion_expanded__nikkei&value=undefined&from_mkt_srv=true&document_height=15333&scroll_y=7355&stripe_locale=en-JP&unglobalized_path=%2F&token_b057adf6=b057adf6b78f935b0c5e04130709f884cfc018c3&action_name=clicked&viewed_name=home&event=clicked.action&event_count=31&page_view_id=024153c1-52a5-40ba-b077-3a45d737db71&event_id=024153c1-52a5-40ba-b077-3a45d737db71_31&privacy_consent_loaded=true&privacy_consent_functional=true&privacy_consent_advertising=true
[2026-10-05T11:18:43.532Z] [DEBUG]   [ABORT] https://r.stripe.com/0
[2026-10-05T11:18:43.546Z] [DEBUG]   [CONSOLE ERROR] Failed to load resource: net::ERR_FAILED
[2026-10-05T11:18:44.087Z] [DEBUG]   [NET] GET 200 image/gif                      https://q.stripe.com/?cid=31f896a7-7794-45a8-a40a-4e98c32e24bb&lsid=31f896a7-7794-45a8-a40a-4e98c32e24bb&analytics_ua=analytics.js-CURRENT_VERSION&ua_browser_name=Chrome&ua_browser_version=120.0.0.0&ua_os_name=Windows&ua_os_version=10&ua_engine_name=Blink&ua_engine_version=120.0.0.0&page=%2F&referrer=&domain=stripe.com&viewport_height=900&viewport_width=1440&category=Custom%20interactive%20components&label=accordion_expanded__tokyu&value=undefined&from_mkt_srv=true&document_height=15341&scroll_y=6739&stripe_locale=en-JP&unglobalized_path=%2F&token_b057adf6=b057adf6b78f935b0c5e04130709f884cfc018c3&action_name=clicked&viewed_name=home&event=clicked.action&event_count=32&page_view_id=024153c1-52a5-40ba-b077-3a45d737db71&event_id=024153c1-52a5-40ba-b077-3a45d737db71_32&privacy_consent_loaded=true&privacy_consent_functional=true&privacy_consent_advertising=true
[2026-10-05T11:18:44.768Z] [DEBUG]   [NET] GET 200 text/javascript                https://b.stripecdn.com/mkt-ssr-statics/assets/_next/static/chunks/30780.d57fc5018506c270.js
[2026-10-05T11:18:44.769Z] [DEBUG]   [NET] GET 200 text/javascript                https://b.stripecdn.com/mkt-ssr-statics/assets/_next/static/chunks/99902.3e9069e770817246.js
[2026-10-05T11:18:44.769Z] [DEBUG]   [NET] GET 200 text/javascript                https://b.stripecdn.com/mkt-ssr-statics/assets/_next/static/chunks/73994.2ba1d0deb53338f8.js
[2026-10-05T11:18:44.769Z] [DEBUG]   [NET] GET 200 text/javascript                https://b.stripecdn.com/mkt-ssr-statics/assets/_next/static/chunks/13907.12e188350ac4f1ba.js
[2026-10-05T11:18:44.769Z] [DEBUG]   [NET] GET 200 text/javascript                https://b.stripecdn.com/mkt-ssr-statics/assets/_next/static/chunks/47679.8150a086fa01ccb1.js
[2026-10-05T11:18:44.775Z] [DEBUG]   [NET] GET 200 text/javascript                https://b.stripecdn.com/mkt-ssr-statics/assets/_next/static/chunks/21322.36fa652b6d569c20.js
[2026-10-05T11:18:44.775Z] [DEBUG]   [NET] GET 200 text/javascript                https://b.stripecdn.com/mkt-ssr-statics/assets/_next/static/chunks/45714.5a97006ff49b611c.js
[2026-10-05T11:18:44.776Z] [DEBUG]   [NET] GET 200 text/javascript                https://b.stripecdn.com/mkt-ssr-statics/assets/_next/static/chunks/96941.e43e32d565bf42b8.js
[2026-10-05T11:18:44.776Z] [DEBUG]   [NET] GET 200 text/javascript                https://b.stripecdn.com/mkt-ssr-statics/assets/_next/static/chunks/34936.d7171441d396f408.js
[2026-10-05T11:18:44.776Z] [DEBUG]   [NET] GET 200 text/javascript                https://b.stripecdn.com/mkt-ssr-statics/assets/_next/static/chunks/98560.fd2a99f763c3c343.js
[2026-10-05T11:18:44.776Z] [DEBUG]   [NET] GET 200 text/javascript                https://b.stripecdn.com/mkt-ssr-statics/assets/_next/static/chunks/74046.d6ff5756243c291c.js
[2026-10-05T11:18:44.780Z] [DEBUG]   [ASSET] /_assets/5f8cf24c5576f0d8.js  <-  https://b.stripecdn.com/mkt-ssr-statics/assets/_next/static/chunks/30780.d57fc5018506c270.js  (0.9KB, text/javascript)
[2026-10-05T11:18:44.781Z] [DEBUG]   [ASSET] /_assets/a197c650388badff.js  <-  https://b.stripecdn.com/mkt-ssr-statics/assets/_next/static/chunks/99902.3e9069e770817246.js  (1.9KB, text/javascript)
[2026-10-05T11:18:44.783Z] [DEBUG]   [ASSET] /_assets/c13ad33a866cd1ca.js  <-  https://b.stripecdn.com/mkt-ssr-statics/assets/_next/static/chunks/73994.2ba1d0deb53338f8.js  (1.6KB, text/javascript)
[2026-10-05T11:18:44.784Z] [DEBUG]   [ASSET] /_assets/55906b8399d4259c.js  <-  https://b.stripecdn.com/mkt-ssr-statics/assets/_next/static/chunks/13907.12e188350ac4f1ba.js  (0.9KB, text/javascript)
[2026-10-05T11:18:44.785Z] [DEBUG]   [ASSET] /_assets/aaa5d87506d868ae.js  <-  https://b.stripecdn.com/mkt-ssr-statics/assets/_next/static/chunks/47679.8150a086fa01ccb1.js  (0.8KB, text/javascript)
[2026-10-05T11:18:44.786Z] [DEBUG]   [NET] GET 200 text/javascript                https://b.stripecdn.com/mkt-ssr-statics/assets/_next/static/chunks/54197.dec12d2497cb7595.js
[2026-10-05T11:18:44.786Z] [DEBUG]   [NET] GET 200 text/javascript                https://b.stripecdn.com/mkt-ssr-statics/assets/_next/static/chunks/5123.85e658a79eebacea.js
[2026-10-05T11:18:44.788Z] [DEBUG]   [ASSET] /_assets/05240fef727fa1ff.js  <-  https://b.stripecdn.com/mkt-ssr-statics/assets/_next/static/chunks/21322.36fa652b6d569c20.js  (1.0KB, text/javascript)
[2026-10-05T11:18:44.790Z] [DEBUG]   [ASSET] /_assets/721130784b6f7bfc.js  <-  https://b.stripecdn.com/mkt-ssr-statics/assets/_next/static/chunks/45714.5a97006ff49b611c.js  (1.0KB, text/javascript)
[2026-10-05T11:18:44.791Z] [DEBUG]   [ASSET] /_assets/9140e580a1283789.js  <-  https://b.stripecdn.com/mkt-ssr-statics/assets/_next/static/chunks/96941.e43e32d565bf42b8.js  (0.9KB, text/javascript)
[2026-10-05T11:18:44.795Z] [DEBUG]   [ASSET] /_assets/87a14810491af044.js  <-  https://b.stripecdn.com/mkt-ssr-statics/assets/_next/static/chunks/34936.d7171441d396f408.js  (0.9KB, text/javascript)
[2026-10-05T11:18:44.798Z] [DEBUG]   [ASSET] /_assets/d09620695604922d.js  <-  https://b.stripecdn.com/mkt-ssr-statics/assets/_next/static/chunks/98560.fd2a99f763c3c343.js  (0.7KB, text/javascript)
[2026-10-05T11:18:44.800Z] [DEBUG]   [ASSET] /_assets/f4668a47ba17a4b1.js  <-  https://b.stripecdn.com/mkt-ssr-statics/assets/_next/static/chunks/74046.d6ff5756243c291c.js  (1.0KB, text/javascript)
[2026-10-05T11:18:44.801Z] [DEBUG]   [NET] GET 200 text/javascript                https://b.stripecdn.com/mkt-ssr-statics/assets/_next/static/chunks/83368.b3e58e19c5e9d25c.js
[2026-10-05T11:18:44.801Z] [DEBUG]   [NET] GET 200 text/javascript                https://b.stripecdn.com/mkt-ssr-statics/assets/_next/static/chunks/80130.04b18e6abfc784f9.js
[2026-10-05T11:18:44.801Z] [DEBUG]   [NET] GET 200 text/javascript                https://b.stripecdn.com/mkt-ssr-statics/assets/_next/static/chunks/41020.28911876c8ce15bf.js
[2026-10-05T11:18:44.814Z] [DEBUG]   [ASSET] /_assets/0bdbe721d0d235a0.js  <-  https://b.stripecdn.com/mkt-ssr-statics/assets/_next/static/chunks/54197.dec12d2497cb7595.js  (0.8KB, text/javascript)
[2026-10-05T11:18:44.816Z] [DEBUG]   [ASSET] /_assets/182bf41737c54505.js  <-  https://b.stripecdn.com/mkt-ssr-statics/assets/_next/static/chunks/5123.85e658a79eebacea.js  (0.8KB, text/javascript)
[2026-10-05T11:18:44.817Z] [DEBUG]   [NET] GET 200 text/javascript                https://b.stripecdn.com/mkt-ssr-statics/assets/_next/static/chunks/44429.331b65bc68e8d7f5.js
[2026-10-05T11:18:44.817Z] [DEBUG]   [NET] GET 200 text/javascript                https://b.stripecdn.com/mkt-ssr-statics/assets/_next/static/chunks/77002.75b2d89881125b55.js
[2026-10-05T11:18:44.825Z] [DEBUG]   [ASSET] /_assets/2b5dff6abd0bb2fa.js  <-  https://b.stripecdn.com/mkt-ssr-statics/assets/_next/static/chunks/83368.b3e58e19c5e9d25c.js  (1.0KB, text/javascript)
[2026-10-05T11:18:44.827Z] [DEBUG]   [ASSET] /_assets/f5e3369710847155.js  <-  https://b.stripecdn.com/mkt-ssr-statics/assets/_next/static/chunks/80130.04b18e6abfc784f9.js  (1.5KB, text/javascript)
[2026-10-05T11:18:44.829Z] [DEBUG]   [ASSET] /_assets/8d00a1e9e1321ed1.js  <-  https://b.stripecdn.com/mkt-ssr-statics/assets/_next/static/chunks/41020.28911876c8ce15bf.js  (0.9KB, text/javascript)
[2026-10-05T11:18:44.830Z] [DEBUG]   [NET] GET 200 text/javascript                https://b.stripecdn.com/mkt-ssr-statics/assets/_next/static/chunks/45403.ff3c118ca59e4325.js
[2026-10-05T11:18:44.844Z] [DEBUG]   [ASSET] /_assets/c0fb6e47861a8de4.js  <-  https://b.stripecdn.com/mkt-ssr-statics/assets/_next/static/chunks/44429.331b65bc68e8d7f5.js  (0.7KB, text/javascript)
[2026-10-05T11:18:44.846Z] [DEBUG]   [ASSET] /_assets/c97ce2641989dadd.js  <-  https://b.stripecdn.com/mkt-ssr-statics/assets/_next/static/chunks/77002.75b2d89881125b55.js  (0.9KB, text/javascript)
[2026-10-05T11:18:44.854Z] [DEBUG]   [ASSET] /_assets/dc038cf0cb7b9eea.js  <-  https://b.stripecdn.com/mkt-ssr-statics/assets/_next/static/chunks/45403.ff3c118ca59e4325.js  (1.0KB, text/javascript)
[2026-10-05T11:18:44.858Z] [DEBUG]   [NET] GET 200 text/javascript                https://b.stripecdn.com/mkt-ssr-statics/assets/_next/static/chunks/30459.851248d359990786.js
[2026-10-05T11:18:44.858Z] [DEBUG]   [NET] GET 200 text/javascript                https://b.stripecdn.com/mkt-ssr-statics/assets/_next/static/chunks/81459.1602ebf5e1a02e67.js
[2026-10-05T11:18:44.859Z] [DEBUG]   [NET] GET 200 text/javascript                https://b.stripecdn.com/mkt-ssr-statics/assets/_next/static/chunks/34432.26194ad555e0bc37.js
[2026-10-05T11:18:44.859Z] [DEBUG]   [NET] GET 200 text/javascript                https://b.stripecdn.com/mkt-ssr-statics/assets/_next/static/chunks/29804.a880233f288b9082.js
[2026-10-05T11:18:44.859Z] [DEBUG]   [NET] GET 200 text/javascript                https://b.stripecdn.com/mkt-ssr-statics/assets/_next/static/chunks/43379.256b59f27db7dd2a.js
[2026-10-05T11:18:44.859Z] [DEBUG]   [NET] GET 200 text/javascript                https://b.stripecdn.com/mkt-ssr-statics/assets/_next/static/chunks/12779.b93abf0962b9b540.js
[2026-10-05T11:18:44.860Z] [DEBUG]   [NET] GET 200 text/javascript                https://b.stripecdn.com/mkt-ssr-statics/assets/_next/static/chunks/32652.153d3ba93ac7f6fd.js
[2026-10-05T11:18:44.860Z] [DEBUG]   [NET] GET 200 text/javascript                https://b.stripecdn.com/mkt-ssr-statics/assets/_next/static/chunks/52142.7225777d99f648a4.js
[2026-10-05T11:18:44.860Z] [DEBUG]   [NET] GET 200 text/javascript                https://b.stripecdn.com/mkt-ssr-statics/assets/_next/static/chunks/39158.32076210ffb2c00f.js
[2026-10-05T11:18:44.860Z] [DEBUG]   [NET] GET 200 text/javascript                https://b.stripecdn.com/mkt-ssr-statics/assets/_next/static/chunks/18235.8d78c76dffce0986.js
[2026-10-05T11:18:44.861Z] [DEBUG]   [NET] GET 200 text/javascript                https://b.stripecdn.com/mkt-ssr-statics/assets/_next/static/chunks/74439.82dfa364638b36bb.js
[2026-10-05T11:18:44.861Z] [DEBUG]   [NET] GET 200 text/javascript                https://b.stripecdn.com/mkt-ssr-statics/assets/_next/static/chunks/93922.b686b33eae574399.js
[2026-10-05T11:18:44.861Z] [DEBUG]   [NET] GET 200 text/javascript                https://b.stripecdn.com/mkt-ssr-statics/assets/_next/static/chunks/71714.d3bfb7460686eb67.js
[2026-10-05T11:18:44.865Z] [DEBUG]   [NET] GET 200 text/javascript                https://b.stripecdn.com/mkt-ssr-statics/assets/_next/static/chunks/33991.28fd4b55472a1b98.js
[2026-10-05T11:18:44.865Z] [DEBUG]   [NET] GET 200 text/javascript                https://b.stripecdn.com/mkt-ssr-statics/assets/_next/static/chunks/11700.24b82e706486189f.js
[2026-10-05T11:18:44.866Z] [DEBUG]   [NET] GET 200 text/javascript                https://b.stripecdn.com/mkt-ssr-statics/assets/_next/static/chunks/38240.e197ac834cfbcca6.js
[2026-10-05T11:18:44.868Z] [DEBUG]   [ASSET] /_assets/53e687cddcc32a85.js  <-  https://b.stripecdn.com/mkt-ssr-statics/assets/_next/static/chunks/30459.851248d359990786.js  (0.7KB, text/javascript)
[2026-10-05T11:18:44.870Z] [DEBUG]   [ASSET] /_assets/9b2d4a319e683d9f.js  <-  https://b.stripecdn.com/mkt-ssr-statics/assets/_next/static/chunks/81459.1602ebf5e1a02e67.js  (0.8KB, text/javascript)
[2026-10-05T11:18:44.873Z] [DEBUG]   [ASSET] /_assets/d2fbc76842fbc1e7.js  <-  https://b.stripecdn.com/mkt-ssr-statics/assets/_next/static/chunks/34432.26194ad555e0bc37.js  (0.9KB, text/javascript)
[2026-10-05T11:18:44.874Z] [DEBUG]   [ASSET] /_assets/7b5093ebe48018dd.js  <-  https://b.stripecdn.com/mkt-ssr-statics/assets/_next/static/chunks/29804.a880233f288b9082.js  (0.9KB, text/javascript)
[2026-10-05T11:18:44.876Z] [DEBUG]   [ASSET] /_assets/93fb385d898b80a9.js  <-  https://b.stripecdn.com/mkt-ssr-statics/assets/_next/static/chunks/43379.256b59f27db7dd2a.js  (0.8KB, text/javascript)
[2026-10-05T11:18:44.878Z] [DEBUG]   [ASSET] /_assets/6c84ad7d05cf3ea8.js  <-  https://b.stripecdn.com/mkt-ssr-statics/assets/_next/static/chunks/12779.b93abf0962b9b540.js  (0.8KB, text/javascript)
[2026-10-05T11:18:44.880Z] [DEBUG]   [ASSET] /_assets/0887d67c01aa0543.js  <-  https://b.stripecdn.com/mkt-ssr-statics/assets/_next/static/chunks/32652.153d3ba93ac7f6fd.js  (0.8KB, text/javascript)
[2026-10-05T11:18:44.882Z] [DEBUG]   [ASSET] /_assets/bb76f32e22364263.js  <-  https://b.stripecdn.com/mkt-ssr-statics/assets/_next/static/chunks/52142.7225777d99f648a4.js  (1.1KB, text/javascript)
[2026-10-05T11:18:44.884Z] [DEBUG]   [ASSET] /_assets/4e17a7ee65d8ad58.js  <-  https://b.stripecdn.com/mkt-ssr-statics/assets/_next/static/chunks/39158.32076210ffb2c00f.js  (0.8KB, text/javascript)
[2026-10-05T11:18:44.886Z] [DEBUG]   [ASSET] /_assets/ff6e0a746f5b3e1b.js  <-  https://b.stripecdn.com/mkt-ssr-statics/assets/_next/static/chunks/18235.8d78c76dffce0986.js  (1.4KB, text/javascript)
[2026-10-05T11:18:44.888Z] [DEBUG]   [ASSET] /_assets/cdb7fb190e90aa5d.js  <-  https://b.stripecdn.com/mkt-ssr-statics/assets/_next/static/chunks/74439.82dfa364638b36bb.js  (0.8KB, text/javascript)
[2026-10-05T11:18:44.889Z] [DEBUG]   [ASSET] /_assets/5aec8d78fd547c9a.js  <-  https://b.stripecdn.com/mkt-ssr-statics/assets/_next/static/chunks/93922.b686b33eae574399.js  (0.8KB, text/javascript)
[2026-10-05T11:18:44.891Z] [DEBUG]   [ASSET] /_assets/32e920ad8d683663.js  <-  https://b.stripecdn.com/mkt-ssr-statics/assets/_next/static/chunks/71714.d3bfb7460686eb67.js  (0.9KB, text/javascript)
[2026-10-05T11:18:44.892Z] [DEBUG]   [NET] GET 200 text/javascript                https://b.stripecdn.com/mkt-ssr-statics/assets/_next/static/chunks/68334.0ce2b18fb721dee7.js
[2026-10-05T11:18:44.892Z] [DEBUG]   [NET] GET 200 text/javascript                https://b.stripecdn.com/mkt-ssr-statics/assets/_next/static/chunks/45445.b622b6a23e09a0be.js
[2026-10-05T11:18:44.892Z] [DEBUG]   [NET] GET 200 text/javascript                https://b.stripecdn.com/mkt-ssr-statics/assets/_next/static/chunks/89633.4cbd427db1e6cdf0.js
[2026-10-05T11:18:44.892Z] [DEBUG]   [NET] GET 200 text/javascript                https://b.stripecdn.com/mkt-ssr-statics/assets/_next/static/chunks/16114.a95aa06cb6f463fe.js
[2026-10-05T11:18:44.893Z] [DEBUG]   [NET] GET 200 text/javascript                https://b.stripecdn.com/mkt-ssr-statics/assets/_next/static/chunks/86074.7635a2a9972a584b.js
[2026-10-05T11:18:44.893Z] [DEBUG]   [NET] GET 200 text/javascript                https://b.stripecdn.com/mkt-ssr-statics/assets/_next/static/chunks/58215.e3992b930aa3cba4.js
[2026-10-05T11:18:44.893Z] [DEBUG]   [NET] GET 200 text/javascript                https://b.stripecdn.com/mkt-ssr-statics/assets/_next/static/chunks/52717.3b9803c61b2b7d06.js
[2026-10-05T11:18:44.893Z] [DEBUG]   [NET] GET 200 text/javascript                https://b.stripecdn.com/mkt-ssr-statics/assets/_next/static/chunks/35427.a48c0ed48ac88454.js
[2026-10-05T11:18:44.894Z] [DEBUG]   [NET] GET 200 text/javascript                https://b.stripecdn.com/mkt-ssr-statics/assets/_next/static/chunks/57814.d9d8fa59ab740ee9.js
[2026-10-05T11:18:44.894Z] [DEBUG]   [NET] GET 200 text/javascript                https://b.stripecdn.com/mkt-ssr-statics/assets/_next/static/chunks/39513.8ad812448389299e.js
[2026-10-05T11:18:44.899Z] [DEBUG]   [ASSET] /_assets/a4395ea66612093c.js  <-  https://b.stripecdn.com/mkt-ssr-statics/assets/_next/static/chunks/33991.28fd4b55472a1b98.js  (0.9KB, text/javascript)
[2026-10-05T11:18:44.900Z] [DEBUG]   [ASSET] /_assets/597b27049ecbda94.js  <-  https://b.stripecdn.com/mkt-ssr-statics/assets/_next/static/chunks/11700.24b82e706486189f.js  (0.8KB, text/javascript)
[2026-10-05T11:18:44.901Z] [DEBUG]   [ASSET] /_assets/a4ef084efec784eb.js  <-  https://b.stripecdn.com/mkt-ssr-statics/assets/_next/static/chunks/38240.e197ac834cfbcca6.js  (0.9KB, text/javascript)
[2026-10-05T11:18:44.904Z] [DEBUG]   [ASSET] /_assets/34639c73b6804223.js  <-  https://b.stripecdn.com/mkt-ssr-statics/assets/_next/static/chunks/68334.0ce2b18fb721dee7.js  (1.1KB, text/javascript)
[2026-10-05T11:18:44.906Z] [DEBUG]   [ASSET] /_assets/cad341715c79519b.js  <-  https://b.stripecdn.com/mkt-ssr-statics/assets/_next/static/chunks/45445.b622b6a23e09a0be.js  (1.1KB, text/javascript)
[2026-10-05T11:18:44.907Z] [DEBUG]   [ASSET] /_assets/3bbacc2e028e5eba.js  <-  https://b.stripecdn.com/mkt-ssr-statics/assets/_next/static/chunks/89633.4cbd427db1e6cdf0.js  (1.1KB, text/javascript)
[2026-10-05T11:18:44.909Z] [DEBUG]   [ASSET] /_assets/574548e3156ddbe3.js  <-  https://b.stripecdn.com/mkt-ssr-statics/assets/_next/static/chunks/16114.a95aa06cb6f463fe.js  (0.7KB, text/javascript)
[2026-10-05T11:18:44.910Z] [DEBUG]   [ASSET] /_assets/1426d487496b3209.js  <-  https://b.stripecdn.com/mkt-ssr-statics/assets/_next/static/chunks/86074.7635a2a9972a584b.js  (0.9KB, text/javascript)
[2026-10-05T11:18:44.912Z] [DEBUG]   [ASSET] /_assets/448d25792d3bd658.js  <-  https://b.stripecdn.com/mkt-ssr-statics/assets/_next/static/chunks/58215.e3992b930aa3cba4.js  (1.5KB, text/javascript)
[2026-10-05T11:18:44.913Z] [DEBUG]   [ASSET] /_assets/9c75168e2dd90e21.js  <-  https://b.stripecdn.com/mkt-ssr-statics/assets/_next/static/chunks/52717.3b9803c61b2b7d06.js  (0.7KB, text/javascript)
[2026-10-05T11:18:44.915Z] [DEBUG]   [ASSET] /_assets/820ceff03cbff6b8.js  <-  https://b.stripecdn.com/mkt-ssr-statics/assets/_next/static/chunks/35427.a48c0ed48ac88454.js  (0.8KB, text/javascript)
[2026-10-05T11:18:44.916Z] [DEBUG]   [ASSET] /_assets/bd7054f850af1c39.js  <-  https://b.stripecdn.com/mkt-ssr-statics/assets/_next/static/chunks/57814.d9d8fa59ab740ee9.js  (1.7KB, text/javascript)
[2026-10-05T11:18:44.917Z] [DEBUG]   [ASSET] /_assets/c09bbd83e70f2c93.js  <-  https://b.stripecdn.com/mkt-ssr-statics/assets/_next/static/chunks/39513.8ad812448389299e.js  (2.2KB, text/javascript)
[2026-10-05T11:18:58.803Z] [DEBUG]   [VISIBILITY FREEZE WARN] Too many arguments. If you need to pass more than 1 argument to the function wrap them in an object.
[2026-10-05T11:18:59.111Z] [DEBUG]   [SHELL CAPTURE] clonyfy-shell-0-1791199138807 -> /_assets/shell_af08635acca255b0.png (115.9KB)
[2026-10-05T11:18:59.321Z] [DEBUG]   [SHELL CAPTURE] clonyfy-shell-2-1791199138808 -> /_assets/shell_d6cbf3dabc026797.png (9.2KB)
[2026-10-05T11:18:59.506Z] [DEBUG]   [SHELL CAPTURE] clonyfy-shell-4-1791199138810 -> /_assets/shell_0c7bf87904acc4bc.png (79.3KB)
[2026-10-05T11:18:59.644Z] [DEBUG]   [IMAGE FALLBACK] https://stripe.com/_assets/shell_af08635acca255b0.png -> HTTP 404, substituting placeholder for browser
[2026-10-05T11:18:59.685Z] [DEBUG]   [SHELL CAPTURE] clonyfy-shell-6-1791199138810 -> /_assets/shell_823f6eb6a7eda556.png (87.4KB)
[2026-10-05T11:18:59.718Z] [DEBUG]   [CAROUSEL NORMALIZE WARN] page.evaluate: ReferenceError: normalizeCarouselsInDocument is not defined
    at normalizeAllMotionStacksInDocument (eval at evaluate (:302:30), <anonymous>:2:3)
    at UtilityScript.evaluate (<anonymous>:304:16)
    at UtilityScript.<anonymous> (<anonymous>:1:44)
[2026-10-05T11:19:00.064Z] [DEBUG]   [IMAGE FALLBACK] https://stripe.com/_assets/shell_d6cbf3dabc026797.png -> HTTP 404, substituting placeholder for browser
[2026-10-05T11:19:00.177Z] [DEBUG]   [IMAGE FALLBACK] https://stripe.com/_assets/shell_823f6eb6a7eda556.png -> HTTP 404, substituting placeholder for browser
[2026-10-05T11:19:00.179Z] [DEBUG]   [IMAGE FALLBACK] https://stripe.com/_assets/shell_0c7bf87904acc4bc.png -> HTTP 404, substituting placeholder for browser
[2026-10-05T11:19:00.337Z] [DEBUG]   [ABORT] https://r.stripe.com/0
[2026-10-05T11:19:00.351Z] [DEBUG]   [CONSOLE ERROR] Failed to load resource: net::ERR_FAILED
[2026-10-05T11:19:00.419Z] [DEBUG]   [ABORT] https://r.stripe.com/0
[2026-10-05T11:19:00.513Z] [DEBUG]   [CONSOLE ERROR] Failed to load resource: net::ERR_FAILED
[2026-10-05T11:19:00.899Z] [DEBUG]   [NET] GET 200 image/gif                      https://q.stripe.com/?cid=31f896a7-7794-45a8-a40a-4e98c32e24bb&lsid=31f896a7-7794-45a8-a40a-4e98c32e24bb&analytics_ua=analytics.js-CURRENT_VERSION&ua_browser_name=Chrome&ua_browser_version=120.0.0.0&ua_os_name=Windows&ua_os_version=10&ua_engine_name=Blink&ua_engine_version=120.0.0.0&page=%2F&referrer=&domain=stripe.com&viewport_height=900&viewport_width=1440&category=Navigation&label=SiteHeader&value=undefined&from_mkt_srv=true&document_height=15341&scroll_y=0&stripe_locale=en-JP&unglobalized_path=%2F&token_b057adf6=b057adf6b78f935b0c5e04130709f884cfc018c3&action_name=nav_dropdown_opened_0&viewed_name=home&event=nav_dropdown_opened_0.action&event_count=33&page_view_id=024153c1-52a5-40ba-b077-3a45d737db71&event_id=024153c1-52a5-40ba-b077-3a45d737db71_33&privacy_consent_loaded=true&privacy_consent_functional=true&privacy_consent_advertising=true
[2026-10-05T11:19:00.970Z] [DEBUG]   [NET] GET 200 image/gif                      https://q.stripe.com/?cid=31f896a7-7794-45a8-a40a-4e98c32e24bb&lsid=31f896a7-7794-45a8-a40a-4e98c32e24bb&analytics_ua=analytics.js-CURRENT_VERSION&ua_browser_name=Chrome&ua_browser_version=120.0.0.0&ua_os_name=Windows&ua_os_version=10&ua_engine_name=Blink&ua_engine_version=120.0.0.0&page=%2F&referrer=&domain=stripe.com&viewport_height=900&viewport_width=1440&category=Navigation&label=SiteHeader&value=undefined&from_mkt_srv=true&document_height=15341&scroll_y=0&stripe_locale=en-JP&unglobalized_path=%2F&token_b057adf6=b057adf6b78f935b0c5e04130709f884cfc018c3&action_name=nav_dropdown_opened_0&viewed_name=home&event=nav_dropdown_opened_0.action&event_count=34&page_view_id=024153c1-52a5-40ba-b077-3a45d737db71&event_id=024153c1-52a5-40ba-b077-3a45d737db71_34&privacy_consent_loaded=true&privacy_consent_advertising=true&privacy_consent_functional=true
[2026-10-05T11:19:01.003Z] [DEBUG]   [ABORT] https://r.stripe.com/0
[2026-10-05T11:19:01.007Z] [DEBUG]   [CONSOLE ERROR] Failed to load resource: net::ERR_FAILED
[2026-10-05T11:19:01.103Z] [DEBUG]   [ABORT] https://r.stripe.com/0
[2026-10-05T11:19:01.158Z] [DEBUG]   [CONSOLE ERROR] Failed to load resource: net::ERR_FAILED
[2026-10-05T11:19:01.560Z] [DEBUG]   [NET] GET 200 image/gif                      https://q.stripe.com/?cid=31f896a7-7794-45a8-a40a-4e98c32e24bb&lsid=31f896a7-7794-45a8-a40a-4e98c32e24bb&analytics_ua=analytics.js-CURRENT_VERSION&ua_browser_name=Chrome&ua_browser_version=120.0.0.0&ua_os_name=Windows&ua_os_version=10&ua_engine_name=Blink&ua_engine_version=120.0.0.0&page=%2F&referrer=&domain=stripe.com&viewport_height=900&viewport_width=1440&category=Navigation&label=SiteHeader&value=undefined&from_mkt_srv=true&document_height=15341&scroll_y=0&stripe_locale=en-JP&unglobalized_path=%2F&token_b057adf6=b057adf6b78f935b0c5e04130709f884cfc018c3&action_name=nav_dropdown_opened_1&viewed_name=home&event=nav_dropdown_opened_1.action&event_count=35&page_view_id=024153c1-52a5-40ba-b077-3a45d737db71&event_id=024153c1-52a5-40ba-b077-3a45d737db71_35&privacy_consent_loaded=true&privacy_consent_functional=true&privacy_consent_advertising=true
[2026-10-05T11:19:01.649Z] [DEBUG]   [NET] GET 200 image/gif                      https://q.stripe.com/?cid=31f896a7-7794-45a8-a40a-4e98c32e24bb&lsid=31f896a7-7794-45a8-a40a-4e98c32e24bb&analytics_ua=analytics.js-CURRENT_VERSION&ua_browser_name=Chrome&ua_browser_version=120.0.0.0&ua_os_name=Windows&ua_os_version=10&ua_engine_name=Blink&ua_engine_version=120.0.0.0&page=%2F&referrer=&domain=stripe.com&viewport_height=900&viewport_width=1440&category=Navigation&label=SiteHeader&value=undefined&from_mkt_srv=true&document_height=15341&scroll_y=0&stripe_locale=en-JP&unglobalized_path=%2F&token_b057adf6=b057adf6b78f935b0c5e04130709f884cfc018c3&action_name=nav_dropdown_opened_1&viewed_name=home&event=nav_dropdown_opened_1.action&event_count=36&page_view_id=024153c1-52a5-40ba-b077-3a45d737db71&event_id=024153c1-52a5-40ba-b077-3a45d737db71_36&privacy_consent_loaded=true&privacy_consent_advertising=true&privacy_consent_functional=true
[2026-10-05T11:19:01.696Z] [DEBUG]   [ABORT] https://r.stripe.com/0
[2026-10-05T11:19:01.711Z] [DEBUG]   [CONSOLE ERROR] Failed to load resource: net::ERR_FAILED
[2026-10-05T11:19:01.792Z] [DEBUG]   [ABORT] https://r.stripe.com/0
[2026-10-05T11:19:01.879Z] [DEBUG]   [CONSOLE ERROR] Failed to load resource: net::ERR_FAILED
[2026-10-05T11:19:02.240Z] [DEBUG]   [NET] GET 200 image/gif                      https://q.stripe.com/?cid=31f896a7-7794-45a8-a40a-4e98c32e24bb&lsid=31f896a7-7794-45a8-a40a-4e98c32e24bb&analytics_ua=analytics.js-CURRENT_VERSION&ua_browser_name=Chrome&ua_browser_version=120.0.0.0&ua_os_name=Windows&ua_os_version=10&ua_engine_name=Blink&ua_engine_version=120.0.0.0&page=%2F&referrer=&domain=stripe.com&viewport_height=900&viewport_width=1440&category=Navigation&label=SiteHeader&value=undefined&from_mkt_srv=true&document_height=15341&scroll_y=0&stripe_locale=en-JP&unglobalized_path=%2F&token_b057adf6=b057adf6b78f935b0c5e04130709f884cfc018c3&action_name=nav_dropdown_opened_2&viewed_name=home&event=nav_dropdown_opened_2.action&event_count=37&page_view_id=024153c1-52a5-40ba-b077-3a45d737db71&event_id=024153c1-52a5-40ba-b077-3a45d737db71_37&privacy_consent_loaded=true&privacy_consent_functional=true&privacy_consent_advertising=true
[2026-10-05T11:19:02.359Z] [DEBUG]   [ABORT] https://r.stripe.com/0
[2026-10-05T11:19:02.369Z] [DEBUG]   [CONSOLE ERROR] Failed to load resource: net::ERR_FAILED
[2026-10-05T11:19:02.400Z] [DEBUG]   [NET] GET 200 image/gif                      https://q.stripe.com/?cid=31f896a7-7794-45a8-a40a-4e98c32e24bb&lsid=31f896a7-7794-45a8-a40a-4e98c32e24bb&analytics_ua=analytics.js-CURRENT_VERSION&ua_browser_name=Chrome&ua_browser_version=120.0.0.0&ua_os_name=Windows&ua_os_version=10&ua_engine_name=Blink&ua_engine_version=120.0.0.0&page=%2F&referrer=&domain=stripe.com&viewport_height=900&viewport_width=1440&category=Navigation&label=SiteHeader&value=undefined&from_mkt_srv=true&document_height=15341&scroll_y=0&stripe_locale=en-JP&unglobalized_path=%2F&token_b057adf6=b057adf6b78f935b0c5e04130709f884cfc018c3&action_name=nav_dropdown_opened_2&viewed_name=home&event=nav_dropdown_opened_2.action&event_count=38&page_view_id=024153c1-52a5-40ba-b077-3a45d737db71&event_id=024153c1-52a5-40ba-b077-3a45d737db71_38&privacy_consent_loaded=true&privacy_consent_advertising=true&privacy_consent_functional=true
[2026-10-05T11:19:02.465Z] [DEBUG]   [ABORT] https://r.stripe.com/0
[2026-10-05T11:19:02.536Z] [DEBUG]   [CONSOLE ERROR] Failed to load resource: net::ERR_FAILED
[2026-10-05T11:19:02.900Z] [DEBUG]   [NET] GET 200 image/gif                      https://q.stripe.com/?cid=31f896a7-7794-45a8-a40a-4e98c32e24bb&lsid=31f896a7-7794-45a8-a40a-4e98c32e24bb&analytics_ua=analytics.js-CURRENT_VERSION&ua_browser_name=Chrome&ua_browser_version=120.0.0.0&ua_os_name=Windows&ua_os_version=10&ua_engine_name=Blink&ua_engine_version=120.0.0.0&page=%2F&referrer=&domain=stripe.com&viewport_height=900&viewport_width=1440&category=Navigation&label=SiteHeader&value=undefined&from_mkt_srv=true&document_height=15341&scroll_y=0&stripe_locale=en-JP&unglobalized_path=%2F&token_b057adf6=b057adf6b78f935b0c5e04130709f884cfc018c3&action_name=nav_dropdown_opened_3&viewed_name=home&event=nav_dropdown_opened_3.action&event_count=39&page_view_id=024153c1-52a5-40ba-b077-3a45d737db71&event_id=024153c1-52a5-40ba-b077-3a45d737db71_39&privacy_consent_loaded=true&privacy_consent_functional=true&privacy_consent_advertising=true
[2026-10-05T11:19:03.011Z] [DEBUG]   [NET] GET 200 image/gif                      https://q.stripe.com/?cid=31f896a7-7794-45a8-a40a-4e98c32e24bb&lsid=31f896a7-7794-45a8-a40a-4e98c32e24bb&analytics_ua=analytics.js-CURRENT_VERSION&ua_browser_name=Chrome&ua_browser_version=120.0.0.0&ua_os_name=Windows&ua_os_version=10&ua_engine_name=Blink&ua_engine_version=120.0.0.0&page=%2F&referrer=&domain=stripe.com&viewport_height=900&viewport_width=1440&category=Navigation&label=SiteHeader&value=undefined&from_mkt_srv=true&document_height=15341&scroll_y=0&stripe_locale=en-JP&unglobalized_path=%2F&token_b057adf6=b057adf6b78f935b0c5e04130709f884cfc018c3&action_name=nav_dropdown_opened_3&viewed_name=home&event=nav_dropdown_opened_3.action&event_count=40&page_view_id=024153c1-52a5-40ba-b077-3a45d737db71&event_id=024153c1-52a5-40ba-b077-3a45d737db71_40&privacy_consent_loaded=true&privacy_consent_advertising=true&privacy_consent_functional=true
[2026-10-05T11:19:12.479Z] [DEBUG]   [CONSOLE ERROR] NotFoundError: Failed to execute 'removeChild' on 'Node': The node to be removed is not a child of this node.
    at uH (https://b.stripecdn.com/mkt-ssr-statics/assets/_next/static/chunks/framework-bfbcaa5a2903bc7d.js:1:85046)
    at uB (https://b.stripecdn.com/mkt-ssr-statics/assets/_next/static/chunks/framework-bfbcaa5a2903bc7d.js:1:84730)
    at uH (https://b.stripecdn.com/mkt-ssr-statics/assets/_next/static/chunks/framework-bfbcaa5a2903bc7d.js:1:85497)
    at uQ (https://b.stripecdn.com/mkt-ssr-statics/assets/_next/static/chunks/framework-bfbcaa5a2903bc7d.js:1:86287)
    at uq (https://b.stripecdn.com/mkt-ssr-statics/assets/_next/static/chunks/framework-bfbcaa5a2903bc7d.js:1:86747)
    at uQ (https://b.stripecdn.com/mkt-ssr-statics/assets/_next/static/chunks/framework-bfbcaa5a2903bc7d.js:1:86437)
    at uq (https://b.stripecdn.com/mkt-ssr-statics/assets/_next/static/chunks/framework-bfbcaa5a2903bc7d.js:1:86747)
    at uQ (https://b.stripecdn.com/mkt-ssr-statics/assets/_next/static/chunks/framework-bfbcaa5a2903bc7d.js:1:86437)
    at uq (https://b.stripecdn.com/mkt-ssr-statics/assets/_next/static/chunks/framework-bfbcaa5a2903bc7d.js:1:86747)
    at uQ (https://b.stripecdn.com/mkt-ssr-statics/assets/_next/static/chunks/framework-bfbcaa5a2903bc7d.js:1:86437)
    at uq (https://b.stripecdn.com/mkt-ssr-statics/assets/_next/static/chunks/framework-bfbcaa5a2903bc7d.js:1:86550)
    at uQ (https://b.stripecdn.com/mkt-ssr-statics/assets/_next/static/chunks/framework-bfbcaa5a2903bc7d.js:1:86437)
    at uq (https://b.stripecdn.com/mkt-ssr-statics/assets/_next/static/chunks/framework-bfbcaa5a2903bc7d.js:1:86747)
    at uQ (https://b.stripecdn.com/mkt-ssr-statics/assets/_next/static/chunks/framework-bfbcaa5a2903bc7d.js:1:86437)
    at uq (https://b.stripecdn.com/mkt-ssr-statics/assets/_next/static/chunks/framework-bfbcaa5a2903bc7d.js:1:86550)
    at uQ (https://b.stripecdn.com/mkt-ssr-statics/assets/_next/static/chunks/framework-bfbcaa5a2903bc7d.js:1:86437)
    at uq (https://b.stripecdn.com/mkt-ssr-statics/assets/_next/static/chunks/framework-bfbcaa5a2903bc7d.js:1:86747)
    at uQ (https://b.stripecdn.com/mkt-ssr-statics/assets/_next/static/chunks/framework-bfbcaa5a2903bc7d.js:1:86437)
    at uq (https://b.stripecdn.com/mkt-ssr-statics/assets/_next/static/chunks/framework-bfbcaa5a2903bc7d.js:1:86747)
    at uQ (https://b.stripecdn.com/mkt-ssr-statics/assets/_next/static/chunks/framework-bfbcaa5a2903bc7d.js:1:86437)
    at uq (https://b.stripecdn.com/mkt-ssr-statics/assets/_next/static/chunks/framework-bfbcaa5a2903bc7d.js:1:86747)
    at uQ (https://b.stripecdn.com/mkt-ssr-statics/assets/_next/static/chunks/framework-bfbcaa5a2903bc7d.js:1:86437)
    at uq (https://b.stripecdn.com/mkt-ssr-statics/assets/_next/static/chunks/framework-bfbcaa5a2903bc7d.js:1:86550)
    at uQ (https://b.stripecdn.com/mkt-ssr-statics/assets/_next/static/chunks/framework-bfbcaa5a2903bc7d.js:1:86437)
    at uq (https://b.stripecdn.com/mkt-ssr-statics/assets/_next/static/chunks/framework-bfbcaa5a2903bc7d.js:1:86550)
    at uQ (https://b.stripecdn.com/mkt-ssr-statics/assets/_next/static/chunks/framework-bfbcaa5a2903bc7d.js:1:86437)
    at uq (https://b.stripecdn.com/mkt-ssr-statics/assets/_next/static/chunks/framework-bfbcaa5a2903bc7d.js:1:86747)
    at uQ (https://b.stripecdn.com/mkt-ssr-statics/assets/_next/static/chunks/framework-bfbcaa5a2903bc7d.js:1:86437)
    at uq (https://b.stripecdn.com/mkt-ssr-statics/assets/_next/static/chunks/framework-bfbcaa5a2903bc7d.js:1:86550)
    at uQ (https://b.stripecdn.com/mkt-ssr-statics/assets/_next/static/chunks/framework-bfbcaa5a2903bc7d.js:1:86437)
    at uq (https://b.stripecdn.com/mkt-ssr-statics/assets/_next/static/chunks/framework-bfbcaa5a2903bc7d.js:1:86747)
    at uQ (https://b.stripecdn.com/mkt-ssr-statics/assets/_next/static/chunks/framework-bfbcaa5a2903bc7d.js:1:86437)
    at uq (https://b.stripecdn.com/mkt-ssr-statics/assets/_next/static/chunks/framework-bfbcaa5a2903bc7d.js:1:86550)
    at uQ (https://b.stripecdn.com/mkt-ssr-statics/assets/_next/static/chunks/framework-bfbcaa5a2903bc7d.js:1:86437)
    at uq (https://b.stripecdn.com/mkt-ssr-statics/assets/_next/static/chunks/framework-bfbcaa5a2903bc7d.js:1:86747)
    at uQ (https://b.stripecdn.com/mkt-ssr-statics/assets/_next/static/chunks/framework-bfbcaa5a2903bc7d.js:1:86437)
    at uq (https://b.stripecdn.com/mkt-ssr-statics/assets/_next/static/chunks/framework-bfbcaa5a2903bc7d.js:1:86550)
    at uQ (https://b.stripecdn.com/mkt-ssr-statics/assets/_next/static/chunks/framework-bfbcaa5a2903bc7d.js:1:86437)
    at uq (https://b.stripecdn.com/mkt-ssr-statics/assets/_next/static/chunks/framework-bfbcaa5a2903bc7d.js:1:86747)
    at uQ (https://b.stripecdn.com/mkt-ssr-statics/assets/_next/static/chunks/framework-bfbcaa5a2903bc7d.js:1:86437)
    at uq (https://b.stripecdn.com/mkt-ssr-statics/assets/_next/static/chunks/framework-bfbcaa5a2903bc7d.js:1:86550)
    at uQ (https://b.stripecdn.com/mkt-ssr-statics/assets/_next/static/chunks/framework-bfbcaa5a2903bc7d.js:1:86437)
    at uq (https://b.stripecdn.com/mkt-ssr-statics/assets/_next/static/chunks/framework-bfbcaa5a2903bc7d.js:1:86550)
    at uQ (https://b.stripecdn.com/mkt-ssr-statics/assets/_next/static/chunks/framework-bfbcaa5a2903bc7d.js:1:86437)
    at uq (https://b.stripecdn.com/mkt-ssr-statics/assets/_next/static/chunks/framework-bfbcaa5a2903bc7d.js:1:86747)
    at uQ (https://b.stripecdn.com/mkt-ssr-statics/assets/_next/static/chunks/framework-bfbcaa5a2903bc7d.js:1:86437)
    at uq (https://b.stripecdn.com/mkt-ssr-statics/assets/_next/static/chunks/framework-bfbcaa5a2903bc7d.js:1:86550)
    at uQ (https://b.stripecdn.com/mkt-ssr-statics/assets/_next/static/chunks/framework-bfbcaa5a2903bc7d.js:1:86437)
    at uq (https://b.stripecdn.com/mkt-ssr-statics/assets/_next/static/chunks/framework-bfbcaa5a2903bc7d.js:1:86550)
    at uQ (https://b.stripecdn.com/mkt-ssr-statics/assets/_next/static/chunks/framework-bfbcaa5a2903bc7d.js:1:86437)
[2026-10-05T11:19:12.498Z] [DEBUG]   [CONSOLE ERROR] TypeError: Cannot read properties of null (reading 'style')
    at https://b.stripecdn.com/mkt-ssr-statics/assets/_next/static/chunks/pages/index-f63c676f79abacef.js:388:55992
    at Array.forEach (<anonymous>)
    at ew.dispose (https://b.stripecdn.com/mkt-ssr-statics/assets/_next/static/chunks/pages/index-f63c676f79abacef.js:388:55978)
    at https://b.stripecdn.com/mkt-ssr-statics/assets/_next/static/chunks/pages/index-f63c676f79abacef.js:388:64824
    at uF (https://b.stripecdn.com/mkt-ssr-statics/assets/_next/static/chunks/framework-bfbcaa5a2903bc7d.js:1:83820)
    at uD (https://b.stripecdn.com/mkt-ssr-statics/assets/_next/static/chunks/framework-bfbcaa5a2903bc7d.js:1:84016)
    at oU (https://b.stripecdn.com/mkt-ssr-statics/assets/_next/static/chunks/framework-bfbcaa5a2903bc7d.js:1:112131)
    at https://b.stripecdn.com/mkt-ssr-statics/assets/_next/static/chunks/framework-bfbcaa5a2903bc7d.js:1:111617
    at oI (https://b.stripecdn.com/mkt-ssr-statics/assets/_next/static/chunks/framework-bfbcaa5a2903bc7d.js:1:111683)
    at oC (https://b.stripecdn.com/mkt-ssr-statics/assets/_next/static/chunks/framework-bfbcaa5a2903bc7d.js:1:96312)
    at r8 (https://b.stripecdn.com/mkt-ssr-statics/assets/_next/static/chunks/framework-bfbcaa5a2903bc7d.js:1:44942)
    at https://b.stripecdn.com/mkt-ssr-statics/assets/_next/static/chunks/framework-bfbcaa5a2903bc7d.js:1:111677
    at oI (https://b.stripecdn.com/mkt-ssr-statics/assets/_next/static/chunks/framework-bfbcaa5a2903bc7d.js:1:111683)
    at oS (https://b.stripecdn.com/mkt-ssr-statics/assets/_next/static/chunks/framework-bfbcaa5a2903bc7d.js:1:95053)
    at S (https://b.stripecdn.com/mkt-ssr-statics/assets/_next/static/chunks/framework-bfbcaa5a2903bc7d.js:1:137508)
    at MessagePort.z (https://b.stripecdn.com/mkt-ssr-statics/assets/_next/static/chunks/framework-bfbcaa5a2903bc7d.js:1:138038)
[2026-10-05T11:19:13.528Z] [WARN]   [SHELL] https://stripe.com/ looks like an unhydrated SPA shell; waiting and re-snapshotting
[2026-10-05T11:19:15.509Z] [DEBUG]   [ABORT] https://r.stripe.com/b
[2026-10-05T11:19:15.510Z] [DEBUG]   [CONSOLE ERROR] Failed to load resource: net::ERR_FAILED
[2026-10-05T11:19:16.063Z] [WARN]   [SKIP] https://stripe.com/: Capture produced a thin SPA shell for /
[2026-10-05T11:19:16.063Z] [INFO]   [FALLBACK] Static HTML fetch for https://stripe.com/
[2026-10-05T11:19:23.694Z] [DEBUG]   [NET] POST 200 application/json               https://errors.stripe.com/api/376/store/?sentry_key=7cd38b0eb2b348b39a6002cc768f91c7&sentry_version=7
[2026-10-05T11:19:23.715Z] [DEBUG]   [NET] POST 200 application/json               https://errors.stripe.com/api/376/store/?sentry_key=7cd38b0eb2b348b39a6002cc768f91c7&sentry_version=7
[2026-10-05T11:19:31.066Z] [WARN]   [FALLBACK FAIL] https://stripe.com/: The operation was aborted due to timeout
[2026-10-05T11:19:31.067Z] [INFO]   [RETRY] Playwright capture for start URL https://stripe.com/
[2026-10-05T11:19:32.102Z] [DEBUG]   [NAV] -> https://stripe.com/
[2026-10-05T11:19:33.478Z] [DEBUG]   [NET] GET 200 font/woff2                     https://b.stripecdn.com/mkt-ssr-statics/assets/_next/static/media/SourceCodePro-Medium.f5ba3e6a.woff2
[2026-10-05T11:19:33.487Z] [DEBUG]   [NET] GET 200 text/css                       https://b.stripecdn.com/mkt-ssr-statics/assets/_next/static/css/5f8c822d1f0f2d3e.css
[2026-10-05T11:19:33.487Z] [DEBUG]   [CSS REFS] 2 url() references in https://b.stripecdn.com/mkt-ssr-statics/assets/_next/static/css/5f8c822d1f0f2d3e.css
[2026-10-05T11:19:33.495Z] [DEBUG]   [NET] GET 200 image/webp                     https://b.stripecdn.com/mkt-ssr-statics/assets/_next/static/media/palette-light.3c0e6604.webp
[2026-10-05T11:19:33.507Z] [DEBUG]   [NET] GET 200 text/javascript                https://b.stripecdn.com/mkt-ssr-statics/assets/_next/static/chunks/22074.bd02a94640605868.js
[2026-10-05T11:19:33.515Z] [DEBUG]   [NET] GET 200 text/css                       https://b.stripecdn.com/mkt-ssr-statics/assets/_next/static/css/c27cf5158235e02f.css
[2026-10-05T11:19:33.520Z] [DEBUG]   [NET] GET 200 text/javascript                https://b.stripecdn.com/mkt-ssr-statics/assets/_next/static/chunks/7205.b1fa6a14487cf1a1.js
[2026-10-05T11:19:33.523Z] [DEBUG]   [NET] GET 200 text/javascript                https://b.stripecdn.com/mkt-ssr-statics/assets/_next/static/chunks/99791.a7f741b779b23047.js
[2026-10-05T11:19:33.526Z] [DEBUG]   [NET] GET 200 text/css                       https://b.stripecdn.com/mkt-ssr-statics/assets/_next/static/css/5abff0f798ddf7af.css
[2026-10-05T11:19:33.530Z] [DEBUG]   [NET] GET 200 text/css                       https://b.stripecdn.com/mkt-ssr-statics/assets/_next/static/css/c3ca6e08b62a6ac3.css
[2026-10-05T11:19:33.547Z] [DEBUG]   [NET] GET 200 text/javascript                https://b.stripecdn.com/mkt-ssr-statics/assets/_next/static/chunks/71852.81c310ec3e82a430.js
[2026-10-05T11:19:33.547Z] [DEBUG]   [NET] GET 200 text/javascript                https://b.stripecdn.com/mkt-ssr-statics/assets/_next/static/chunks/80221.6f83d3efbc15450f.js
[2026-10-05T11:19:33.550Z] [DEBUG]   [NET] GET 200 text/javascript                https://b.stripecdn.com/mkt-ssr-statics/assets/_next/static/chunks/60090.b1106d7ba4bb0a2d.js
[2026-10-05T11:19:33.552Z] [DEBUG]   [NET] GET 200 text/javascript                https://b.stripecdn.com/mkt-ssr-statics/assets/_next/static/chunks/19809.c430770d9d3d416e.js
[2026-10-05T11:19:33.561Z] [DEBUG]   [NET] GET 200 text/javascript                https://b.stripecdn.com/mkt-ssr-statics/assets/_next/static/chunks/88303.29bfa7ac733c6c19.js
[2026-10-05T11:19:33.562Z] [DEBUG]   [NET] GET 200 text/javascript                https://b.stripecdn.com/mkt-ssr-statics/assets/_next/static/chunks/5864.5d092bd2cc9749f2.js
[2026-10-05T11:19:33.564Z] [DEBUG]   [NET] GET 200 text/javascript                https://b.stripecdn.com/mkt-ssr-statics/assets/_next/static/chunks/68034.0146a4f17f232851.js
[2026-10-05T11:19:33.579Z] [DEBUG]   [NET] GET 200 text/javascript                https://b.stripecdn.com/mkt-ssr-statics/assets/_next/static/chunks/49450.ba8bdeacb2ae3f4e.js
[2026-10-05T11:19:33.581Z] [DEBUG]   [NET] GET 200 text/javascript                https://b.stripecdn.com/mkt-ssr-statics/assets/_next/static/chunks/51768.4d7a050d90b179c0.js
[2026-10-05T11:19:33.582Z] [DEBUG]   [NET] GET 200 text/javascript                https://b.stripecdn.com/mkt-ssr-statics/assets/_next/static/chunks/7091.d2f7782899b74acc.js
[2026-10-05T11:19:33.586Z] [DEBUG]   [NET] GET 200 text/javascript                https://b.stripecdn.com/mkt-ssr-statics/assets/_next/static/chunks/9830.a8fdfab45871ab24.js
[2026-10-05T11:19:33.589Z] [DEBUG]   [NET] GET 200 text/javascript                https://b.stripecdn.com/mkt-ssr-statics/assets/_next/static/chunks/29658.230298d5fcee0081.js
[2026-10-05T11:19:33.602Z] [DEBUG]   [NET] GET 200 text/javascript                https://b.stripecdn.com/mkt-ssr-statics/assets/_next/static/chunks/3354.e3e2cde8cfef4b28.js
[2026-10-05T11:19:33.603Z] [DEBUG]   [NET] GET 200 text/javascript                https://b.stripecdn.com/mkt-ssr-statics/assets/_next/static/chunks/5129.a34f68478d58f408.js
[2026-10-05T11:19:33.603Z] [DEBUG]   [NET] GET 200 text/javascript                https://b.stripecdn.com/mkt-ssr-statics/assets/_next/static/chunks/49957.a0c65e5a49d55b8c.js
[2026-10-05T11:19:33.604Z] [DEBUG]   [NET] GET 200 text/javascript                https://b.stripecdn.com/mkt-ssr-statics/assets/_next/static/chunks/87677.7dc97f2fc2aaa1dd.js
[2026-10-05T11:19:33.604Z] [DEBUG]   [NET] GET 200 text/javascript                https://b.stripecdn.com/mkt-ssr-statics/assets/_next/static/chunks/53774.85ea79243f805251.js
[2026-10-05T11:19:33.606Z] [DEBUG]   [NET] GET 200 text/javascript                https://b.stripecdn.com/mkt-ssr-statics/assets/_next/static/chunks/91774.2c27c7c1e7babb15.js
[2026-10-05T11:19:33.607Z] [DEBUG]   [NET] GET 200 text/javascript                https://b.stripecdn.com/mkt-ssr-statics/assets/_next/static/chunks/77966.390e7bdff0da09d9.js
[2026-10-05T11:19:33.607Z] [DEBUG]   [NET] GET 200 text/javascript                https://b.stripecdn.com/mkt-ssr-statics/assets/_next/static/chunks/34507.6c1a77fb757fbdcc.js
[2026-10-05T11:19:33.613Z] [DEBUG]   [NET] GET 200 text/javascript                https://b.stripecdn.com/mkt-ssr-statics/assets/_next/static/chunks/58519.e65e69443cb8c16b.js
[2026-10-05T11:19:33.613Z] [DEBUG]   [NET] GET 200 text/javascript                https://b.stripecdn.com/mkt-ssr-statics/assets/_next/static/chunks/42850.e2d829a9dc4349d0.js
[2026-10-05T11:19:33.613Z] [DEBUG]   [NET] GET 200 text/javascript                https://b.stripecdn.com/mkt-ssr-statics/assets/_next/static/chunks/11744.123cee29712c3808.js
[2026-10-05T11:19:33.617Z] [DEBUG]   [NET] GET 200 text/javascript                https://b.stripecdn.com/mkt-ssr-statics/assets/_next/static/chunks/71378.e90398e8f260e180.js
[2026-10-05T11:19:33.623Z] [DEBUG]   [NET] GET 200 text/javascript                https://b.stripecdn.com/mkt-ssr-statics/assets/_next/static/chunks/67680.9cf78fa8c0374f08.js
[2026-10-05T11:19:33.627Z] [DEBUG]   [NET] GET 200 text/javascript                https://b.stripecdn.com/mkt-ssr-statics/assets/_next/static/chunks/28129.12e84712f6d5fccf.js
[2026-10-05T11:19:33.627Z] [DEBUG]   [NET] GET 200 text/javascript                https://b.stripecdn.com/mkt-ssr-statics/assets/_next/static/chunks/52564.388449dd0b7cccb0.js
[2026-10-05T11:19:33.633Z] [DEBUG]   [NET] GET 200 text/javascript                https://b.stripecdn.com/mkt-ssr-statics/assets/_next/static/chunks/37218.87a522b13b7f7c89.js
[2026-10-05T11:19:33.633Z] [DEBUG]   [NET] GET 200 text/javascript                https://b.stripecdn.com/mkt-ssr-statics/assets/_next/static/chunks/96236.ce2e477d1a10900b.js
[2026-10-05T11:19:33.634Z] [DEBUG]   [NET] GET 200 text/javascript                https://b.stripecdn.com/mkt-ssr-statics/assets/_next/static/chunks/17250.f68ff3bb5be98918.js
[2026-10-05T11:19:33.636Z] [DEBUG]   [NET] GET 200 text/javascript                https://b.stripecdn.com/mkt-ssr-statics/assets/_next/static/chunks/10613.33284403173d5b91.js
[2026-10-05T11:19:33.636Z] [DEBUG]   [NET] GET 200 text/javascript                https://b.stripecdn.com/mkt-ssr-statics/assets/_next/static/chunks/51092.558bf86d4d6d35cc.js
[2026-10-05T11:19:33.636Z] [DEBUG]   [NET] GET 200 text/javascript                https://b.stripecdn.com/mkt-ssr-statics/assets/_next/static/chunks/99498.012a085d63fca20f.js
[2026-10-05T11:19:33.654Z] [DEBUG]   [NET] GET 200 text/javascript                https://b.stripecdn.com/mkt-ssr-statics/assets/_next/static/chunks/10269.d3a19280ab0502eb.js
[2026-10-05T11:19:33.654Z] [DEBUG]   [NET] GET 200 text/javascript                https://b.stripecdn.com/mkt-ssr-statics/assets/_next/static/chunks/42322.4ab8445c63ef4103.js
[2026-10-05T11:19:33.659Z] [DEBUG]   [NET] GET 200 text/javascript                https://b.stripecdn.com/mkt-ssr-statics/assets/_next/static/chunks/65975.8c8dca725ee94bae.js
[2026-10-05T11:19:33.806Z] [DEBUG]   [NET] GET 200 text/javascript                https://b.stripecdn.com/mkt-ssr-statics/assets/_next/static/chunks/66968-98e361718b3406c9.js
[2026-10-05T11:19:33.808Z] [DEBUG]   [NET] GET 200 text/javascript                https://b.stripecdn.com/mkt-ssr-statics/assets/_next/static/chunks/17504-d8af186f7630520d.js
[2026-10-05T11:19:33.828Z] [DEBUG]   [NET] GET 200 text/javascript                https://b.stripecdn.com/mkt-ssr-statics/assets/_next/static/chunks/99336-0abc93bde9d0d0c5.js
[2026-10-05T11:19:33.836Z] [DEBUG]   [NET] GET 200 text/javascript                https://b.stripecdn.com/mkt-ssr-statics/assets/_next/static/chunks/77313-9fb99df8ba58fb39.js
[2026-10-05T11:19:33.856Z] [DEBUG]   [NET] GET 200 text/javascript                https://b.stripecdn.com/mkt-ssr-statics/assets/_next/static/chunks/71072-3c8d72488796c7fd.js
[2026-10-05T11:19:33.858Z] [DEBUG]   [NET] GET 200 text/javascript                https://b.stripecdn.com/mkt-ssr-statics/assets/_next/static/chunks/65355-6cf6a168299c7d96.js
[2026-10-05T11:19:33.865Z] [DEBUG]   [NET] GET 200 text/javascript                https://b.stripecdn.com/mkt-ssr-statics/assets/_next/static/chunks/30365-78f863b9f8f98678.js
[2026-10-05T11:19:33.867Z] [DEBUG]   [NET] GET 200 text/javascript                https://b.stripecdn.com/mkt-ssr-statics/assets/_next/static/chunks/12142-a5c1e2ae95f0a4e8.js
[2026-10-05T11:19:33.876Z] [DEBUG]   [NET] GET 200 text/javascript                https://b.stripecdn.com/mkt-ssr-statics/assets/_next/static/chunks/97990-a1dcc9be8ef14915.js
[2026-10-05T11:19:33.879Z] [DEBUG]   [NET] GET 200 text/javascript                https://b.stripecdn.com/mkt-ssr-statics/assets/_next/static/chunks/63009-08e659033aa2e98f.js
[2026-10-05T11:19:33.885Z] [DEBUG]   [NET] GET 200 text/javascript                https://b.stripecdn.com/mkt-ssr-statics/assets/_next/static/chunks/36813-16ee21fbc389c3ca.js
[2026-10-05T11:19:33.888Z] [DEBUG]   [NET] GET 200 text/javascript                https://b.stripecdn.com/mkt-ssr-statics/assets/_next/static/chunks/88866-8ac0b8721444ee25.js
[2026-10-05T11:19:33.891Z] [DEBUG]   [NET] GET 200 text/javascript                https://b.stripecdn.com/mkt-ssr-statics/assets/_next/static/chunks/61060-b388c6469ee70008.js
[2026-10-05T11:19:33.894Z] [DEBUG]   [NET] GET 200 text/javascript                https://b.stripecdn.com/mkt-ssr-statics/assets/_next/static/chunks/1107-fd8421e8dc3ea178.js
[2026-10-05T11:19:33.894Z] [DEBUG]   [NET] GET 200 text/javascript                https://b.stripecdn.com/mkt-ssr-statics/assets/_next/static/chunks/3dfade9e-4ca93d92ac876e62.js
[2026-10-05T11:19:33.901Z] [DEBUG]   [NET] GET 200 text/javascript                https://b.stripecdn.com/mkt-ssr-statics/assets/_next/static/chunks/35189-ef223f64ba01f34a.js
[2026-10-05T11:19:33.901Z] [DEBUG]   [NET] GET 200 text/javascript                https://b.stripecdn.com/mkt-ssr-statics/assets/_next/static/chunks/7654-b1a6b46b002e8325.js
[2026-10-05T11:19:33.945Z] [DEBUG]   [NET] GET 200 text/javascript                https://b.stripecdn.com/mkt-ssr-statics/assets/_next/static/chunks/50479-a1dd2c0d234c06ee.js
[2026-10-05T11:19:34.009Z] [DEBUG]   [NET] GET 200 text/javascript                https://b.stripecdn.com/mkt-ssr-statics/assets/_next/static/chunks/14480-e1d15d1178cd7be0.js
[2026-10-05T11:19:34.013Z] [DEBUG]   [NET] GET 200 text/javascript                https://b.stripecdn.com/mkt-ssr-statics/assets/_next/static/chunks/14964-59ce2be9505eb6a6.js
[2026-10-05T11:19:34.018Z] [DEBUG]   [NET] GET 200 text/javascript                https://b.stripecdn.com/mkt-ssr-statics/assets/_next/static/chunks/64353-3869b5ecb86cae16.js
[2026-10-05T11:19:34.046Z] [DEBUG]   [NET] GET 200 text/javascript                https://b.stripecdn.com/mkt-ssr-statics/assets/_next/static/2ptJqk4IQ6eDiNkK/UWsGv2MXCY%2BbUxm55sz0n%2B/tHo%3D/_buildManifest.js
[2026-10-05T11:19:34.065Z] [DEBUG]   [NET] GET 200 text/javascript                https://b.stripecdn.com/mkt-ssr-statics/assets/_next/static/2ptJqk4IQ6eDiNkK/UWsGv2MXCY%2BbUxm55sz0n%2B/tHo%3D/_ssgManifest.js
[2026-10-05T11:19:34.105Z] [DEBUG]   [NET] GET 200 text/javascript                https://b.stripecdn.com/mkt-ssr-statics/assets/_next/static/chunks/8127-4564b87f7416a098.js
[2026-10-05T11:19:34.166Z] [DEBUG]   [NET] GET 200 text/javascript                https://b.stripecdn.com/mkt-ssr-statics/assets/_next/static/chunks/96173-1506b42e2ce87e34.js
[2026-10-05T11:19:34.196Z] [DEBUG]   [NET] GET 200 text/javascript                https://b.stripecdn.com/mkt-ssr-statics/assets/_next/static/chunks/webpack-c5e48a4e8a021fc2.js
[2026-10-05T11:19:34.228Z] [DEBUG]   [NET] GET 200 text/javascript                https://b.stripecdn.com/mkt-ssr-statics/assets/_next/static/chunks/25441-7caa2b849ec56b09.js
[2026-10-05T11:19:34.314Z] [DEBUG]   [NET] GET 200 image/webp                     https://b.stripecdn.com/mkt-ssr-statics/assets/_next/static/media/wave-fallback-desktop-1x.fba6fa88.webp
[2026-10-05T11:19:34.338Z] [DEBUG]   [NET] GET 200 text/javascript                https://b.stripecdn.com/mkt-ssr-statics/assets/_next/static/chunks/main-64c21da41e256517.js
[2026-10-05T11:19:34.366Z] [DEBUG]   [NET] GET 200 text/css                       https://b.stripecdn.com/mkt-ssr-statics/assets/_next/static/css/e7d9191829f7c51a.css
[2026-10-05T11:19:34.412Z] [DEBUG]   [NET] GET 200 text/javascript                https://b.stripecdn.com/mkt-ssr-statics/assets/_next/static/chunks/framework-bfbcaa5a2903bc7d.js
[2026-10-05T11:19:34.508Z] [DEBUG]   [NET] GET 200 text/javascript                https://b.stripecdn.com/mkt-ssr-statics/assets/_next/static/chunks/c67c952e-5362035f70172687.js
[2026-10-05T11:19:34.535Z] [DEBUG]   [NET] GET 200 font/woff2                     https://b.stripecdn.com/mkt-ssr-statics/assets/_next/static/media/Sohne.cb178166.woff2
[2026-10-05T11:19:34.585Z] [DEBUG]   [NET] GET 200 text/javascript                https://b.stripecdn.com/mkt-ssr-statics/assets/_next/static/chunks/12267-692ae55ed1c1ab04.js
[2026-10-05T11:19:34.961Z] [DEBUG]   [NET] GET 200 image/webp                     https://images.stripeassets.com/fzn2n1nzq965/vYmk6v8n7oDAwbDpwhjV6/846f9b3e214549b8f14e2b8c8cfe9343/payment-bento-background.jpg?w=860&fm=webp&q=80
[2026-10-05T11:19:35.034Z] [DEBUG]   [NET] GET 200 image/webp                     https://images.stripeassets.com/fzn2n1nzq965/4pgzNLGJpUIMoJXTPNLMW6/ea9e8bb72aeef5ac645a7ad41d2427f6/Mask_group__2_.png?w=384&fm=webp&q=90
[2026-10-05T11:19:35.306Z] [DEBUG]   [NET] GET 200 text/javascript                https://b.stripecdn.com/mkt-ssr-statics/assets/_next/static/chunks/55369f66-92e84f6aba0a73a8.js
[2026-10-05T11:19:36.077Z] [DEBUG]   [NET] GET 200 text/javascript                https://b.stripecdn.com/mkt-ssr-statics/assets/_next/static/chunks/pages/index-f63c676f79abacef.js
[2026-10-05T11:19:36.407Z] [DEBUG]   [NET] GET 200 text/javascript                https://b.stripecdn.com/mkt-ssr-statics/assets/_next/static/chunks/pages/_app-913c76680e984f66.js
[2026-10-05T11:19:36.641Z] [DEBUG]   [NAV] load fired for https://stripe.com/
[2026-10-05T11:19:36.682Z] [DEBUG]   [NET] GET 200 image/webp                     https://images.stripeassets.com/fzn2n1nzq965/43eqkFV1GG5GqcbNNeEzVp/8f4705b1b80a4c835c2960ed8055d649/ConnectMobileBackground.jpg?w=1104&fm=webp&q=90
[2026-10-05T11:19:37.240Z] [DEBUG]   [NET] GET 200 text/javascript                https://b.stripecdn.com/stripethirdparty-srv/assets/v33.1/PrivacyCompliance.2a784d61fe051092c5dd.bundle.js
[2026-10-05T11:19:37.244Z] [DEBUG]   [NET] GET 200 text/javascript                https://b.stripecdn.com/stripethirdparty-srv/assets/v33.1/vendors~AddressAutocomplete~AffirmInContext~AfterpayInContext~AlgoliaSearch~AmazonPayButton~ApplePay~834487d7.1fe7f389cb7255baebcd.bundle.js
[2026-10-05T11:19:37.276Z] [DEBUG]   [NET] GET 200 text/javascript                https://b.stripecdn.com/mkt-ssr-statics/assets/_next/static/chunks/36322.1afe8adb9afbca38.js
[2026-10-05T11:19:37.282Z] [DEBUG]   [NET] GET 200 text/javascript                https://b.stripecdn.com/mkt-ssr-statics/assets/_next/static/chunks/98932.192b84a46be184c5.js
[2026-10-05T11:19:37.385Z] [DEBUG]   [NET] GET 200 application/json               https://stripe.com/cookie-settings/enforcement-mode
[2026-10-05T11:19:37.406Z] [DEBUG]   [NET] GET 200 text/javascript                https://stripe.com/_workers/_next/static/chunks/waveGeometry.worker.07101200.js
[2026-10-05T11:19:37.425Z] [DEBUG]   [ABORT] https://r.stripe.com/0
[2026-10-05T11:19:37.426Z] [DEBUG]   [ABORT] https://r.stripe.com/0
[2026-10-05T11:19:37.427Z] [DEBUG]   [ABORT] https://r.stripe.com/0
[2026-10-05T11:19:37.432Z] [DEBUG]   [ABORT] https://r.stripe.com/0
[2026-10-05T11:19:37.432Z] [DEBUG]   [ABORT] https://r.stripe.com/0
[2026-10-05T11:19:37.433Z] [DEBUG]   [ABORT] https://r.stripe.com/0
[2026-10-05T11:19:37.433Z] [DEBUG]   [ABORT] https://r.stripe.com/0
[2026-10-05T11:19:37.434Z] [DEBUG]   [ABORT] https://r.stripe.com/0
[2026-10-05T11:19:37.434Z] [DEBUG]   [ABORT] https://r.stripe.com/0
[2026-10-05T11:19:37.434Z] [DEBUG]   [ABORT] https://r.stripe.com/0
[2026-10-05T11:19:37.435Z] [DEBUG]   [ABORT] https://r.stripe.com/0
[2026-10-05T11:19:37.435Z] [DEBUG]   [ABORT] https://r.stripe.com/0
[2026-10-05T11:19:37.435Z] [DEBUG]   [ABORT] https://r.stripe.com/0
[2026-10-05T11:19:37.436Z] [DEBUG]   [ABORT] https://r.stripe.com/0
[2026-10-05T11:19:37.436Z] [DEBUG]   [ABORT] https://r.stripe.com/0
[2026-10-05T11:19:37.465Z] [DEBUG]   [CONSOLE ERROR] Failed to load resource: net::ERR_FAILED
[2026-10-05T11:19:37.465Z] [DEBUG]   [CONSOLE ERROR] Failed to load resource: net::ERR_FAILED
[2026-10-05T11:19:37.465Z] [DEBUG]   [CONSOLE ERROR] Failed to load resource: net::ERR_FAILED
[2026-10-05T11:19:37.472Z] [DEBUG]   [CONSOLE ERROR] Failed to load resource: net::ERR_FAILED
[2026-10-05T11:19:37.472Z] [DEBUG]   [CONSOLE ERROR] Failed to load resource: net::ERR_FAILED
[2026-10-05T11:19:37.476Z] [DEBUG]   [CONSOLE ERROR] Failed to load resource: net::ERR_FAILED
[2026-10-05T11:19:37.476Z] [DEBUG]   [CONSOLE ERROR] Failed to load resource: net::ERR_FAILED
[2026-10-05T11:19:37.476Z] [DEBUG]   [CONSOLE ERROR] Failed to load resource: net::ERR_FAILED
[2026-10-05T11:19:37.476Z] [DEBUG]   [CONSOLE ERROR] Failed to load resource: net::ERR_FAILED
[2026-10-05T11:19:37.476Z] [DEBUG]   [CONSOLE ERROR] Failed to load resource: net::ERR_FAILED
[2026-10-05T11:19:37.477Z] [DEBUG]   [CONSOLE ERROR] Failed to load resource: net::ERR_FAILED
[2026-10-05T11:19:37.477Z] [DEBUG]   [CONSOLE ERROR] Failed to load resource: net::ERR_FAILED
[2026-10-05T11:19:37.477Z] [DEBUG]   [CONSOLE ERROR] Failed to load resource: net::ERR_FAILED
[2026-10-05T11:19:37.478Z] [DEBUG]   [CONSOLE ERROR] Failed to load resource: net::ERR_FAILED
[2026-10-05T11:19:37.478Z] [DEBUG]   [CONSOLE ERROR] Failed to load resource: net::ERR_FAILED
[2026-10-05T11:19:37.512Z] [DEBUG]   [NET] GET 200 text/javascript                https://b.stripecdn.com/mkt-ssr-statics/assets/_next/static/chunks/16240.3f53b1a8e0708700.js
[2026-10-05T11:19:37.529Z] [DEBUG]   [NET] GET 200 text/javascript                https://b.stripecdn.com/mkt-ssr-statics/assets/_next/static/chunks/99022.4219f29e8d5509a2.js
[2026-10-05T11:19:37.539Z] [DEBUG]   [NET] GET 200 text/javascript                https://b.stripecdn.com/mkt-ssr-statics/assets/_next/static/chunks/381.e5412f4f1f65a369.js
[2026-10-05T11:19:37.557Z] [DEBUG]   [NET] GET 200 text/css                       https://b.stripecdn.com/mkt-ssr-statics/assets/_next/static/css/d829866f0dc0cad9.css
[2026-10-05T11:19:37.577Z] [DEBUG]   [NET] GET 200 text/javascript                https://b.stripecdn.com/mkt-ssr-statics/assets/_next/static/chunks/68178.9c7f3e69ecf021ec.js
[2026-10-05T11:19:37.580Z] [DEBUG]   [NET] GET 200 text/javascript                https://b.stripecdn.com/mkt-ssr-statics/assets/_next/static/chunks/34526.402e69923f934d0a.js
[2026-10-05T11:19:37.597Z] [DEBUG]   [NET] GET 200 text/css                       https://b.stripecdn.com/mkt-ssr-statics/assets/_next/static/css/5e8a245fcb880dab.css
[2026-10-05T11:19:37.597Z] [DEBUG]   [NET] GET 200 text/css                       https://b.stripecdn.com/mkt-ssr-statics/assets/_next/static/css/7fe9607f2fcd2964.css
[2026-10-05T11:19:37.612Z] [DEBUG]   [NET] GET 200 text/javascript                https://b.stripecdn.com/mkt-ssr-statics/assets/_next/static/chunks/55849.d65332b04329bd50.js
[2026-10-05T11:19:37.615Z] [DEBUG]   [NET] GET 200 text/javascript                https://b.stripecdn.com/mkt-ssr-statics/assets/_next/static/chunks/18586.ba8b85077504376c.js
[2026-10-05T11:19:37.635Z] [DEBUG]   [NET] GET 200 text/javascript                https://b.stripecdn.com/mkt-ssr-statics/assets/_next/static/chunks/98611.11988a61b0f957af.js
[2026-10-05T11:19:37.665Z] [DEBUG]   [NET] GET 200 text/javascript                https://b.stripecdn.com/mkt-ssr-statics/assets/_next/static/chunks/22990.a6695bcd9a278804.js
[2026-10-05T11:19:37.667Z] [DEBUG]   [NET] GET 200 image/webp                     https://b.stripecdn.com/mkt-ssr-statics/assets/_next/static/media/palette-dark.f0e6c049.webp
[2026-10-05T11:19:37.696Z] [DEBUG]   [NET] GET 200 image/webp                     https://images.stripeassets.com/fzn2n1nzq965/6vyKd0ycEpRdidbphWpbyy/da3e69f893b1f3e3ae34481f5387593e/point_spritesheet.png?fm=webp&q=95
[2026-10-05T11:19:37.699Z] [DEBUG]   [NET] GET 200 image/svg+xml                  https://images.stripeassets.com/fzn2n1nzq965/1hgcBNd12BfT9VLgbId7By/01d91920114b124fb4cf6d448f9f06eb/favicon.svg
[2026-10-05T11:19:37.703Z] [DEBUG]   [NET] GET 200 text/javascript                https://b.stripecdn.com/mkt-ssr-statics/assets/_next/static/chunks/40414.c172ecebf8073b3f.js
[2026-10-05T11:19:37.725Z] [DEBUG]   [NET] GET 200 application/json               https://stripe.com/en-jp/notifications?as=json
[2026-10-05T11:19:37.814Z] [DEBUG]   [NET] GET 200 image/png                      https://b.stripecdn.com/mkt-ssr-statics/assets/_next/static/media/map-dots.0f396e3d.png
[2026-10-05T11:19:38.076Z] [DEBUG]   [NET] GET 200 image/webp                     https://images.stripeassets.com/fzn2n1nzq965/6KmB7XGsUbTefNew25WF4T/6a949fbf5567dcd145339f5fcf207fae/hoodie-navy.png?w=160&fm=webp&q=90
[2026-10-05T11:19:38.079Z] [DEBUG]   [NET] GET 200 image/webp                     https://images.stripeassets.com/fzn2n1nzq965/2rL4pJabxq9Yo0haXwK2HO/83c05122b463c882c8c89111154d77ec/shirt-blue.png?w=160&fm=webp&q=90
[2026-10-05T11:19:38.214Z] [DEBUG]   [NET] GET 200 image/gif                      https://q.stripe.com/?cid=96a65f0f-30e1-427c-845f-7c2422f57909&lsid=96a65f0f-30e1-427c-845f-7c2422f57909&analytics_ua=analytics.js-CURRENT_VERSION&ua_browser_name=Chrome&ua_browser_version=120.0.0.0&ua_os_name=Windows&ua_os_version=10&ua_engine_name=Blink&ua_engine_version=120.0.0.0&page=%2F&referrer=&domain=stripe.com&viewport_height=900&viewport_width=1440&category=Section&label=index_3&value=undefined&from_mkt_srv=true&document_height=14717&scroll_y=0&stripe_locale=en-JP&unglobalized_path=%2F&token_b057adf6=b057adf6b78f935b0c5e04130709f884cfc018c3&action_name=scrolled&viewed_name=home&event=scrolled.action&event_count=3&page_view_id=7a730782-d3d7-4b51-a262-87edeeac7c88&event_id=7a730782-d3d7-4b51-a262-87edeeac7c88_3&privacy_consent_loaded=true&privacy_consent_advertising=true&privacy_consent_functional=true
[2026-10-05T11:19:38.215Z] [DEBUG]   [NET] GET 200 image/gif                      https://q.stripe.com/?cid=96a65f0f-30e1-427c-845f-7c2422f57909&lsid=96a65f0f-30e1-427c-845f-7c2422f57909&analytics_ua=analytics.js-CURRENT_VERSION&ua_browser_name=Chrome&ua_browser_version=120.0.0.0&ua_os_name=Windows&ua_os_version=10&ua_engine_name=Blink&ua_engine_version=120.0.0.0&page=%2F&referrer=&domain=stripe.com&viewport_height=900&viewport_width=1440&title=Stripe%20%7C%20Financial%20Infrastructure%20to%20Grow%20Your%20Revenue&mkt_path=%2F&from_mkt_srv=true&document_height=14717&scroll_y=0&stripe_locale=en-JP&unglobalized_path=%2F&token_b057adf6=b057adf6b78f935b0c5e04130709f884cfc018c3&viewed_name=home&event=home.viewed&event_count=1&page_view_id=7a730782-d3d7-4b51-a262-87edeeac7c88&event_id=7a730782-d3d7-4b51-a262-87edeeac7c88_1&privacy_consent_loaded=true&privacy_consent_advertising=true&privacy_consent_functional=true
[2026-10-05T11:19:38.215Z] [DEBUG]   [NET] GET 200 image/gif                      https://q.stripe.com/?cid=96a65f0f-30e1-427c-845f-7c2422f57909&lsid=96a65f0f-30e1-427c-845f-7c2422f57909&analytics_ua=analytics.js-CURRENT_VERSION&ua_browser_name=Chrome&ua_browser_version=120.0.0.0&ua_os_name=Windows&ua_os_version=10&ua_engine_name=Blink&ua_engine_version=120.0.0.0&page=%2F&referrer=&domain=stripe.com&viewport_height=900&viewport_width=1440&category=Section&label=index_2&value=undefined&from_mkt_srv=true&document_height=14717&scroll_y=0&stripe_locale=en-JP&unglobalized_path=%2F&token_b057adf6=b057adf6b78f935b0c5e04130709f884cfc018c3&action_name=scrolled&viewed_name=home&event=scrolled.action&event_count=2&page_view_id=7a730782-d3d7-4b51-a262-87edeeac7c88&event_id=7a730782-d3d7-4b51-a262-87edeeac7c88_2&privacy_consent_loaded=true&privacy_consent_advertising=true&privacy_consent_functional=true
[2026-10-05T11:19:38.216Z] [DEBUG]   [NET] GET 200 image/gif                      https://q.stripe.com/?cid=96a65f0f-30e1-427c-845f-7c2422f57909&lsid=96a65f0f-30e1-427c-845f-7c2422f57909&analytics_ua=analytics.js-CURRENT_VERSION&ua_browser_name=Chrome&ua_browser_version=120.0.0.0&ua_os_name=Windows&ua_os_version=10&ua_engine_name=Blink&ua_engine_version=120.0.0.0&page=%2F&referrer=&domain=stripe.com&viewport_height=900&viewport_width=1440&category=Section&label=index_4&value=undefined&from_mkt_srv=true&document_height=14717&scroll_y=0&stripe_locale=en-JP&unglobalized_path=%2F&token_b057adf6=b057adf6b78f935b0c5e04130709f884cfc018c3&action_name=scrolled&viewed_name=home&event=scrolled.action&event_count=4&page_view_id=7a730782-d3d7-4b51-a262-87edeeac7c88&event_id=7a730782-d3d7-4b51-a262-87edeeac7c88_4&privacy_consent_loaded=true&privacy_consent_advertising=true&privacy_consent_functional=true
[2026-10-05T11:19:38.216Z] [DEBUG]   [NET] GET 200 image/gif                      https://q.stripe.com/?cid=96a65f0f-30e1-427c-845f-7c2422f57909&lsid=96a65f0f-30e1-427c-845f-7c2422f57909&analytics_ua=analytics.js-CURRENT_VERSION&ua_browser_name=Chrome&ua_browser_version=120.0.0.0&ua_os_name=Windows&ua_os_version=10&ua_engine_name=Blink&ua_engine_version=120.0.0.0&page=%2F&referrer=&domain=stripe.com&viewport_height=900&viewport_width=1440&category=Section&label=index_5&value=undefined&from_mkt_srv=true&document_height=14717&scroll_y=0&stripe_locale=en-JP&unglobalized_path=%2F&token_b057adf6=b057adf6b78f935b0c5e04130709f884cfc018c3&action_name=scrolled&viewed_name=home&event=scrolled.action&event_count=5&page_view_id=7a730782-d3d7-4b51-a262-87edeeac7c88&event_id=7a730782-d3d7-4b51-a262-87edeeac7c88_5&privacy_consent_loaded=true&privacy_consent_advertising=true&privacy_consent_functional=true
[2026-10-05T11:19:38.264Z] [DEBUG]   [NET] GET 200 text/javascript                https://stripe.com/source-attribution/imt.js
[2026-10-05T11:19:38.288Z] [DEBUG]   [NET] GET 200 text/javascript                https://b.stripecdn.com/mkt-ssr-statics/assets/_next/static/chunks/65696.b5aa141b167d07ea.js
[2026-10-05T11:19:38.288Z] [DEBUG]   [NET] GET 200 text/javascript                https://b.stripecdn.com/mkt-ssr-statics/assets/_next/static/chunks/19746.9df71424abd2f4c8.js
[2026-10-05T11:19:38.296Z] [DEBUG]   [NET] GET 200 text/javascript                https://b.stripecdn.com/stripethirdparty-srv/assets/v33.1/GoogleTagManager.d1238f0d2797867a533d.bundle.js
[2026-10-05T11:19:38.296Z] [DEBUG]   [NET] GET 200 text/javascript                https://b.stripecdn.com/mkt-ssr-statics/assets/_next/static/chunks/76948.50ae4f1e160832d6.js
[2026-10-05T11:19:38.308Z] [DEBUG]   [NET] GET 200 text/javascript                https://b.stripecdn.com/mkt-ssr-statics/assets/_next/static/chunks/40509.ccdff46ae6435062.js
[2026-10-05T11:19:38.308Z] [DEBUG]   [NET] GET 200 text/javascript                https://b.stripecdn.com/mkt-ssr-statics/assets/_next/static/chunks/49000.786a72ee2b0e7b7d.js
[2026-10-05T11:19:38.308Z] [DEBUG]   [NET] GET 200 text/javascript                https://b.stripecdn.com/mkt-ssr-statics/assets/_next/static/chunks/50062.caa917236d742cdb.js
[2026-10-05T11:19:38.309Z] [DEBUG]   [NET] GET 200 text/javascript                https://b.stripecdn.com/mkt-ssr-statics/assets/_next/static/chunks/35644.a88a357b14ca4247.js
[2026-10-05T11:19:38.312Z] [DEBUG]   [NET] GET 200 text/javascript                https://b.stripecdn.com/mkt-ssr-statics/assets/_next/static/chunks/88253.5bee1aec975e6ef0.js
[2026-10-05T11:19:38.317Z] [DEBUG]   [NET] GET 200 text/javascript                https://b.stripecdn.com/mkt-ssr-statics/assets/_next/static/chunks/52199.e0d7501985754d89.js
[2026-10-05T11:19:38.319Z] [DEBUG]   [NET] GET 200 text/javascript                https://b.stripecdn.com/mkt-ssr-statics/assets/_next/static/chunks/97964.8348ff4e941ed251.js
[2026-10-05T11:19:38.319Z] [DEBUG]   [NET] GET 200 text/javascript                https://b.stripecdn.com/mkt-ssr-statics/assets/_next/static/chunks/96751.4b7ed3c67b404b58.js
[2026-10-05T11:19:38.320Z] [DEBUG]   [NET] GET 200 text/javascript                https://b.stripecdn.com/mkt-ssr-statics/assets/_next/static/chunks/76828.a37cbbcf96e1ed8b.js
[2026-10-05T11:19:38.346Z] [DEBUG]   [NET] GET 200 image/webp                     https://images.stripeassets.com/fzn2n1nzq965/3jUP7c85zrHqgs8uEwI2at/ec0e38a66611918dcb1bb168e33b7a28/1x1.png?fm=webp
[2026-10-05T11:19:38.349Z] [DEBUG]   [NET] GET 200 text/javascript                https://b.stripecdn.com/stripethirdparty-srv/assets/v33.1/vendors~AddressAutocomplete~AffirmInContext~AfterpayInContext~AlgoliaSearch~AmazonPayButton~ApplePay~834487d7.1fe7f389cb7255baebcd.bundle.js
[2026-10-05T11:19:38.375Z] [DEBUG]   [ABORT] https://www.googletagmanager.com/gtm.js?id=GTM-WK8882T
[2026-10-05T11:19:38.381Z] [DEBUG]   [CONSOLE ERROR] Failed to load resource: net::ERR_FAILED
[2026-10-05T11:19:38.401Z] [DEBUG]   [NET] GET 200 text/javascript                https://stripe.com/_workers/_next/static/chunks/dotGeneration.worker.bf20e833.js
[2026-10-05T11:19:38.549Z] [DEBUG]   [NET] GET 200 image/webp                     https://images.stripeassets.com/fzn2n1nzq965/1Vf8oT9Fm6dEwpnEx5PgK1/055956f38d7fd8b0cc7419692ef29778/bento-terminal.png?w=308&fm=webp&q=90
[2026-10-05T11:19:38.550Z] [DEBUG]   [NET] GET 200 image/webp                     https://images.stripeassets.com/fzn2n1nzq965/6BTjJGdjfGVA8brPwj7p3M/fcf084ff85142366e118fe85ee78b632/payments-electric-kettle.jpg?w=80&fm=webp&q=90
[2026-10-05T11:19:38.777Z] [DEBUG]   [NET] GET 200 application/json               https://stripe.com/cookie-settings/enforcement-mode
[2026-10-05T11:19:38.898Z] [DEBUG]   [NET] GET 200 image/webp                     https://images.stripeassets.com/fzn2n1nzq965/6mg4xss8cmX0Wx46RemzLm/266638f904dc8b908dc22f12c37ee27b/the-happenings-agentic.png?w=866&fm=webp&q=80
[2026-10-05T11:19:38.924Z] [DEBUG]   [NET] GET 200 image/webp                     https://images.stripeassets.com/fzn2n1nzq965/1pEVpyQu2XQ92txRRpfd1q/7d05e6e635bc9974dbff576828336ca7/the-happenings-crypto.png?w=866&fm=webp&q=80
[2026-10-05T11:19:38.934Z] [DEBUG]   [NET] GET 200 image/webp                     https://images.stripeassets.com/fzn2n1nzq965/Y7G5D3VhjwO68bdA184Co/b75ee8a57b8380f28e319a516f6e9754/annual-letter-desktop.png?w=866&fm=webp&q=80
[2026-10-05T11:19:38.945Z] [DEBUG]   [NET] GET 200 image/webp                     https://images.stripeassets.com/fzn2n1nzq965/42GJHxlnEVsoUsSVeVfvbL/884b4c63f5fd52cf127958ac4936de05/the-happenings-payment-retailers.png?w=866&fm=webp&q=80
[2026-10-05T11:19:38.979Z] [DEBUG]   [NET] GET 200 image/webp                     https://images.stripeassets.com/fzn2n1nzq965/1ZY0hhcESN4qWmha0ISm5R/14f4ce82b8b8644e56692427b1f56dfa/the-happenings-payment-processing.png?w=866&fm=webp&q=80
[2026-10-05T11:19:39.086Z] [DEBUG]   [NET] GET 200 application/json               https://ext.stripe.com/universal-chat/agent-availability?qr=qvb&country=US
[2026-10-05T11:19:39.104Z] [DEBUG]   [NET] GET 200 image/webp                     https://images.stripeassets.com/fzn2n1nzq965/44P8uzAQSXCD3mOObNfmoP/c4226e9b4e40f328ce2ccf68324500ee/the-happenings-cheeky-pint.png?w=866&fm=webp&q=80
[2026-10-05T11:19:39.314Z] [DEBUG]   [NET] GET 200 image/webp                     https://images.stripeassets.com/fzn2n1nzq965/4A5cyeaWZkRbEslyjm1Elg/914e742c8459fe438d8746132cb634a3/the-happenings-bfcm.png?w=866&fm=webp&q=80
[2026-10-05T11:19:39.525Z] [DEBUG]   [NET] GET 200 image/webp                     https://images.stripeassets.com/fzn2n1nzq965/6AfkiqtqXocOFPkmOjqe8N/9a89d706bd8ad1500c5b189e05270487/the-happenings-tidemark.png?w=866&fm=webp&q=80
[2026-10-05T11:19:39.844Z] [DEBUG]   [NET] GET 200 image/gif                      https://q.stripe.com/?cid=96a65f0f-30e1-427c-845f-7c2422f57909&lsid=96a65f0f-30e1-427c-845f-7c2422f57909&analytics_ua=analytics.js-CURRENT_VERSION&ua_browser_name=Chrome&ua_browser_version=120.0.0.0&ua_os_name=Windows&ua_os_version=10&ua_engine_name=Blink&ua_engine_version=120.0.0.0&page=%2F&referrer=&domain=stripe.com&viewport_height=900&viewport_width=1440&category=Section&label=index_6&value=undefined&from_mkt_srv=true&document_height=14717&scroll_y=0&stripe_locale=en-JP&unglobalized_path=%2F&token_b057adf6=b057adf6b78f935b0c5e04130709f884cfc018c3&action_name=scrolled&viewed_name=home&event=scrolled.action&event_count=6&page_view_id=7a730782-d3d7-4b51-a262-87edeeac7c88&event_id=7a730782-d3d7-4b51-a262-87edeeac7c88_6&privacy_consent_loaded=true&privacy_consent_advertising=true&privacy_consent_functional=true
[2026-10-05T11:19:39.855Z] [DEBUG]   [NET] GET 200 image/gif                      https://q.stripe.com/?cid=96a65f0f-30e1-427c-845f-7c2422f57909&lsid=96a65f0f-30e1-427c-845f-7c2422f57909&analytics_ua=analytics.js-CURRENT_VERSION&ua_browser_name=Chrome&ua_browser_version=120.0.0.0&ua_os_name=Windows&ua_os_version=10&ua_engine_name=Blink&ua_engine_version=120.0.0.0&page=%2F&referrer=&domain=stripe.com&viewport_height=900&viewport_width=1440&category=Section&label=index_11&value=undefined&from_mkt_srv=true&document_height=14717&scroll_y=0&stripe_locale=en-JP&unglobalized_path=%2F&token_b057adf6=b057adf6b78f935b0c5e04130709f884cfc018c3&action_name=scrolled&viewed_name=home&event=scrolled.action&event_count=11&page_view_id=7a730782-d3d7-4b51-a262-87edeeac7c88&event_id=7a730782-d3d7-4b51-a262-87edeeac7c88_11&privacy_consent_loaded=true&privacy_consent_advertising=true&privacy_consent_functional=true
[2026-10-05T11:19:39.859Z] [DEBUG]   [NET] GET 200 image/gif                      https://q.stripe.com/?cid=96a65f0f-30e1-427c-845f-7c2422f57909&lsid=96a65f0f-30e1-427c-845f-7c2422f57909&analytics_ua=analytics.js-CURRENT_VERSION&ua_browser_name=Chrome&ua_browser_version=120.0.0.0&ua_os_name=Windows&ua_os_version=10&ua_engine_name=Blink&ua_engine_version=120.0.0.0&page=%2F&referrer=&domain=stripe.com&viewport_height=900&viewport_width=1440&category=Section&label=index_9&value=undefined&from_mkt_srv=true&document_height=14717&scroll_y=0&stripe_locale=en-JP&unglobalized_path=%2F&token_b057adf6=b057adf6b78f935b0c5e04130709f884cfc018c3&action_name=scrolled&viewed_name=home&event=scrolled.action&event_count=9&page_view_id=7a730782-d3d7-4b51-a262-87edeeac7c88&event_id=7a730782-d3d7-4b51-a262-87edeeac7c88_9&privacy_consent_loaded=true&privacy_consent_advertising=true&privacy_consent_functional=true
[2026-10-05T11:19:39.860Z] [DEBUG]   [NET] GET 200 image/gif                      https://q.stripe.com/?cid=96a65f0f-30e1-427c-845f-7c2422f57909&lsid=96a65f0f-30e1-427c-845f-7c2422f57909&analytics_ua=analytics.js-CURRENT_VERSION&ua_browser_name=Chrome&ua_browser_version=120.0.0.0&ua_os_name=Windows&ua_os_version=10&ua_engine_name=Blink&ua_engine_version=120.0.0.0&page=%2F&referrer=&domain=stripe.com&viewport_height=900&viewport_width=1440&category=Section&label=index_7&value=undefined&from_mkt_srv=true&document_height=14717&scroll_y=0&stripe_locale=en-JP&unglobalized_path=%2F&token_b057adf6=b057adf6b78f935b0c5e04130709f884cfc018c3&action_name=scrolled&viewed_name=home&event=scrolled.action&event_count=7&page_view_id=7a730782-d3d7-4b51-a262-87edeeac7c88&event_id=7a730782-d3d7-4b51-a262-87edeeac7c88_7&privacy_consent_loaded=true&privacy_consent_advertising=true&privacy_consent_functional=true
[2026-10-05T11:19:39.860Z] [DEBUG]   [NET] GET 200 image/gif                      https://q.stripe.com/?cid=96a65f0f-30e1-427c-845f-7c2422f57909&lsid=96a65f0f-30e1-427c-845f-7c2422f57909&analytics_ua=analytics.js-CURRENT_VERSION&ua_browser_name=Chrome&ua_browser_version=120.0.0.0&ua_os_name=Windows&ua_os_version=10&ua_engine_name=Blink&ua_engine_version=120.0.0.0&page=%2F&referrer=&domain=stripe.com&viewport_height=900&viewport_width=1440&category=Section&label=index_10&value=undefined&from_mkt_srv=true&document_height=14717&scroll_y=0&stripe_locale=en-JP&unglobalized_path=%2F&token_b057adf6=b057adf6b78f935b0c5e04130709f884cfc018c3&action_name=scrolled&viewed_name=home&event=scrolled.action&event_count=10&page_view_id=7a730782-d3d7-4b51-a262-87edeeac7c88&event_id=7a730782-d3d7-4b51-a262-87edeeac7c88_10&privacy_consent_loaded=true&privacy_consent_advertising=true&privacy_consent_functional=true
[2026-10-05T11:19:39.860Z] [DEBUG]   [NET] GET 200 image/gif                      https://q.stripe.com/?cid=96a65f0f-30e1-427c-845f-7c2422f57909&lsid=96a65f0f-30e1-427c-845f-7c2422f57909&analytics_ua=analytics.js-CURRENT_VERSION&ua_browser_name=Chrome&ua_browser_version=120.0.0.0&ua_os_name=Windows&ua_os_version=10&ua_engine_name=Blink&ua_engine_version=120.0.0.0&page=%2F&referrer=&domain=stripe.com&viewport_height=900&viewport_width=1440&category=Section&label=index_8&value=undefined&from_mkt_srv=true&document_height=14717&scroll_y=0&stripe_locale=en-JP&unglobalized_path=%2F&token_b057adf6=b057adf6b78f935b0c5e04130709f884cfc018c3&action_name=scrolled&viewed_name=home&event=scrolled.action&event_count=8&page_view_id=7a730782-d3d7-4b51-a262-87edeeac7c88&event_id=7a730782-d3d7-4b51-a262-87edeeac7c88_8&privacy_consent_loaded=true&privacy_consent_advertising=true&privacy_consent_functional=true
[2026-10-05T11:19:39.865Z] [DEBUG]   [NET] GET 200 image/gif                      https://q.stripe.com/?cid=96a65f0f-30e1-427c-845f-7c2422f57909&lsid=96a65f0f-30e1-427c-845f-7c2422f57909&analytics_ua=analytics.js-CURRENT_VERSION&ua_browser_name=Chrome&ua_browser_version=120.0.0.0&ua_os_name=Windows&ua_os_version=10&ua_engine_name=Blink&ua_engine_version=120.0.0.0&page=%2F&referrer=&domain=stripe.com&viewport_height=900&viewport_width=1440&category=Section&label=index_14&value=undefined&from_mkt_srv=true&document_height=14717&scroll_y=0&stripe_locale=en-JP&unglobalized_path=%2F&token_b057adf6=b057adf6b78f935b0c5e04130709f884cfc018c3&action_name=scrolled&viewed_name=home&event=scrolled.action&event_count=14&page_view_id=7a730782-d3d7-4b51-a262-87edeeac7c88&event_id=7a730782-d3d7-4b51-a262-87edeeac7c88_14&privacy_consent_loaded=true&privacy_consent_advertising=true&privacy_consent_functional=true
[2026-10-05T11:19:39.875Z] [DEBUG]   [NET] GET 200 image/gif                      https://q.stripe.com/?cid=96a65f0f-30e1-427c-845f-7c2422f57909&lsid=96a65f0f-30e1-427c-845f-7c2422f57909&analytics_ua=analytics.js-CURRENT_VERSION&ua_browser_name=Chrome&ua_browser_version=120.0.0.0&ua_os_name=Windows&ua_os_version=10&ua_engine_name=Blink&ua_engine_version=120.0.0.0&page=%2F&referrer=&domain=stripe.com&viewport_height=900&viewport_width=1440&category=Section&label=index_13&value=undefined&from_mkt_srv=true&document_height=14717&scroll_y=0&stripe_locale=en-JP&unglobalized_path=%2F&token_b057adf6=b057adf6b78f935b0c5e04130709f884cfc018c3&action_name=scrolled&viewed_name=home&event=scrolled.action&event_count=13&page_view_id=7a730782-d3d7-4b51-a262-87edeeac7c88&event_id=7a730782-d3d7-4b51-a262-87edeeac7c88_13&privacy_consent_loaded=true&privacy_consent_advertising=true&privacy_consent_functional=true
[2026-10-05T11:19:39.924Z] [DEBUG]   [NET] GET 200 image/gif                      https://q.stripe.com/?cid=96a65f0f-30e1-427c-845f-7c2422f57909&lsid=96a65f0f-30e1-427c-845f-7c2422f57909&analytics_ua=analytics.js-CURRENT_VERSION&ua_browser_name=Chrome&ua_browser_version=120.0.0.0&ua_os_name=Windows&ua_os_version=10&ua_engine_name=Blink&ua_engine_version=120.0.0.0&page=%2F&referrer=&domain=stripe.com&viewport_height=900&viewport_width=1440&category=Section&label=index_12&value=undefined&from_mkt_srv=true&document_height=14717&scroll_y=0&stripe_locale=en-JP&unglobalized_path=%2F&token_b057adf6=b057adf6b78f935b0c5e04130709f884cfc018c3&action_name=scrolled&viewed_name=home&event=scrolled.action&event_count=12&page_view_id=7a730782-d3d7-4b51-a262-87edeeac7c88&event_id=7a730782-d3d7-4b51-a262-87edeeac7c88_12&privacy_consent_loaded=true&privacy_consent_advertising=true&privacy_consent_functional=true
[2026-10-05T11:19:40.015Z] [DEBUG]   [NET] GET 200 image/gif                      https://q.stripe.com/?cid=96a65f0f-30e1-427c-845f-7c2422f57909&lsid=96a65f0f-30e1-427c-845f-7c2422f57909&analytics_ua=analytics.js-CURRENT_VERSION&ua_browser_name=Chrome&ua_browser_version=120.0.0.0&ua_os_name=Windows&ua_os_version=10&ua_engine_name=Blink&ua_engine_version=120.0.0.0&page=%2F&referrer=&domain=stripe.com&viewport_height=900&viewport_width=1440&category=Section&label=index_15&value=undefined&from_mkt_srv=true&document_height=14717&scroll_y=0&stripe_locale=en-JP&unglobalized_path=%2F&token_b057adf6=b057adf6b78f935b0c5e04130709f884cfc018c3&action_name=scrolled&viewed_name=home&event=scrolled.action&event_count=15&page_view_id=7a730782-d3d7-4b51-a262-87edeeac7c88&event_id=7a730782-d3d7-4b51-a262-87edeeac7c88_15&privacy_consent_loaded=true&privacy_consent_advertising=true&privacy_consent_functional=true
[2026-10-05T11:19:40.528Z] [DEBUG]   [NAV] networkidle settled for https://stripe.com/
[2026-10-05T11:19:41.107Z] [DEBUG]   [ABORT] https://r.stripe.com/0
[2026-10-05T11:19:41.112Z] [DEBUG]   [CONSOLE ERROR] Failed to load resource: net::ERR_FAILED
[2026-10-05T11:19:41.316Z] [DEBUG]   [ABORT] https://r.stripe.com/0
[2026-10-05T11:19:41.317Z] [DEBUG]   [CONSOLE ERROR] Failed to load resource: net::ERR_FAILED
[2026-10-05T11:19:41.355Z] [DEBUG]   [NET] GET 200 text/javascript                https://b.stripecdn.com/mkt-ssr-statics/assets/_next/static/chunks/663.4bc653612ede7ec1.js
[2026-10-05T11:19:41.754Z] [DEBUG]   [NET] GET 200 image/gif                      https://q.stripe.com/?cid=96a65f0f-30e1-427c-845f-7c2422f57909&lsid=96a65f0f-30e1-427c-845f-7c2422f57909&analytics_ua=analytics.js-CURRENT_VERSION&ua_browser_name=Chrome&ua_browser_version=120.0.0.0&ua_os_name=Windows&ua_os_version=10&ua_engine_name=Blink&ua_engine_version=120.0.0.0&page=%2F&referrer=&domain=stripe.com&viewport_height=900&viewport_width=1440&category=Page&label=percent_10&value=undefined&from_mkt_srv=true&document_height=15342&scroll_y=3150&stripe_locale=en-JP&unglobalized_path=%2F&token_b057adf6=b057adf6b78f935b0c5e04130709f884cfc018c3&action_name=scrolled&viewed_name=home&event=scrolled.action&event_count=16&page_view_id=7a730782-d3d7-4b51-a262-87edeeac7c88&event_id=7a730782-d3d7-4b51-a262-87edeeac7c88_16&privacy_consent_loaded=true&privacy_consent_functional=true&privacy_consent_advertising=true
[2026-10-05T11:19:41.955Z] [DEBUG]   [NET] GET 200 image/webp                     https://images.stripeassets.com/fzn2n1nzq965/1CBkJePR5Cwf2QNIVCia1I/c0a702cec7a3814c69f21f86b89ed718/lovable.png?w=432&fm=webp&q=90
[2026-10-05T11:19:41.960Z] [DEBUG]   [NET] GET 200 image/webp                     https://images.stripeassets.com/fzn2n1nzq965/7fM8bvEbivprOMM1zyow9N/3cad3cc826f96e4038b4ea88d81ebe3b/Supabase.png?w=432&fm=webp&q=90
[2026-10-05T11:19:41.961Z] [DEBUG]   [NET] GET 200 image/webp                     https://images.stripeassets.com/fzn2n1nzq965/1p78AOKe3NSBYbf7ZhqiM2/dcac30fe8a383dbb574d643dd5b825d4/Minna_No_Market.png?w=432&fm=webp&q=90
[2026-10-05T11:19:41.967Z] [DEBUG]   [NET] GET 200 image/webp                     https://images.stripeassets.com/fzn2n1nzq965/4b8Ubw7N2kYwb7QZl3Ogri/422cc19f725aa68e647d90ce2833c8d0/linear.png?w=432&fm=webp&q=90
[2026-10-05T11:19:41.967Z] [DEBUG]   [NET] GET 200 text/javascript                https://b.stripecdn.com/mkt-ssr-statics/assets/_next/static/chunks/63045.51ae345cc62cd956.js
[2026-10-05T11:19:41.973Z] [DEBUG]   [NET] GET 200 image/webp                     https://images.stripeassets.com/fzn2n1nzq965/2QjRFO1cRvocACDtyA7g9e/44245671788d6e086ab7d82b37937450/Gamma.png?w=432&fm=webp&q=90
[2026-10-05T11:19:41.984Z] [DEBUG]   [NET] GET 200 image/webp                     https://images.stripeassets.com/fzn2n1nzq965/JK7aZoMzWA3uUbLb35kxx/dea1444a0aee29751c0c7098ffb33534/Eleven_Labs.png?w=432&fm=webp&q=90
[2026-10-05T11:19:41.986Z] [DEBUG]   [NET] GET 200 image/webp                     https://images.stripeassets.com/fzn2n1nzq965/6fpvaTP1TZWXKWVMewABjV/4412b9ca2940d89d3834ac65c1fc329d/Runway.png?w=432&fm=webp&q=90
[2026-10-05T11:19:42.015Z] [DEBUG]   [NET] GET 200 image/webp                     https://images.stripeassets.com/fzn2n1nzq965/1DZkp4Ce0kiwj2F2Z0kJ16/fcb4904fd728f49521385059618245b9/card_startups.png?w=585&fm=webp&q=90
[2026-10-05T11:19:42.104Z] [DEBUG]   [NET] GET 200 image/gif                      https://q.stripe.com/?cid=96a65f0f-30e1-427c-845f-7c2422f57909&lsid=96a65f0f-30e1-427c-845f-7c2422f57909&analytics_ua=analytics.js-CURRENT_VERSION&ua_browser_name=Chrome&ua_browser_version=120.0.0.0&ua_os_name=Windows&ua_os_version=10&ua_engine_name=Blink&ua_engine_version=120.0.0.0&page=%2F&referrer=&domain=stripe.com&viewport_height=900&viewport_width=1440&from_mkt_srv=true&ttfb=1050.5&fps=56.88055084322924&document_height=15342&scroll_y=4410&stripe_locale=en-JP&unglobalized_path=%2F&token_b057adf6=b057adf6b78f935b0c5e04130709f884cfc018c3&action_name=web_vitals&viewed_name=home&event=web_vitals.action&event_count=17&page_view_id=7a730782-d3d7-4b51-a262-87edeeac7c88&event_id=7a730782-d3d7-4b51-a262-87edeeac7c88_17&privacy_consent_loaded=true&privacy_consent_advertising=true&privacy_consent_functional=true
[2026-10-05T11:19:42.105Z] [DEBUG]   [ABORT] https://r.stripe.com/0
[2026-10-05T11:19:42.105Z] [DEBUG]   [ABORT] https://r.stripe.com/0
[2026-10-05T11:19:42.118Z] [DEBUG]   [CONSOLE ERROR] Failed to load resource: net::ERR_FAILED
[2026-10-05T11:19:42.118Z] [DEBUG]   [CONSOLE ERROR] Failed to load resource: net::ERR_FAILED
[2026-10-05T11:19:42.216Z] [DEBUG]   [NET] GET 200 text/javascript                https://b.stripecdn.com/mkt-ssr-statics/assets/_next/static/chunks/2027.96b783c6945595eb.js
[2026-10-05T11:19:42.395Z] [DEBUG]   [NET] GET 200 image/webp                     https://images.stripeassets.com/fzn2n1nzq965/2AQaqFVlwXgXxBRIwIp9ry/c597bf42bd93eef022cbc6933c0d7cbc/QRCode.png?w=70&fm=webp&q=90
[2026-10-05T11:19:42.553Z] [DEBUG]   [NET] GET 200 text/javascript                https://b.stripecdn.com/mkt-ssr-statics/assets/_next/static/chunks/9774.ba20cd64ecaeac52.js
[2026-10-05T11:19:42.835Z] [DEBUG]   [NET] GET 200 image/gif                      https://q.stripe.com/?cid=96a65f0f-30e1-427c-845f-7c2422f57909&lsid=96a65f0f-30e1-427c-845f-7c2422f57909&analytics_ua=analytics.js-CURRENT_VERSION&ua_browser_name=Chrome&ua_browser_version=120.0.0.0&ua_os_name=Windows&ua_os_version=10&ua_engine_name=Blink&ua_engine_version=120.0.0.0&page=%2F&referrer=&domain=stripe.com&viewport_height=900&viewport_width=1440&category=Page&label=percent_25&value=undefined&from_mkt_srv=true&document_height=15342&scroll_y=9450&stripe_locale=en-JP&unglobalized_path=%2F&token_b057adf6=b057adf6b78f935b0c5e04130709f884cfc018c3&action_name=scrolled&viewed_name=home&event=scrolled.action&event_count=18&page_view_id=7a730782-d3d7-4b51-a262-87edeeac7c88&event_id=7a730782-d3d7-4b51-a262-87edeeac7c88_18&privacy_consent_loaded=true&privacy_consent_functional=true&privacy_consent_advertising=true
[2026-10-05T11:19:42.836Z] [DEBUG]   [NET] GET 200 image/webp                     https://images.stripeassets.com/fzn2n1nzq965/3KSjL1PZiZAI0pmnL2kIYs/83687d485dad5d01dfb90f0893ec4a57/toyota.png?w=1632&fm=webp&q=90
[2026-10-05T11:19:42.854Z] [DEBUG]   [NET] GET 200 image/gif                      https://q.stripe.com/?cid=96a65f0f-30e1-427c-845f-7c2422f57909&lsid=96a65f0f-30e1-427c-845f-7c2422f57909&analytics_ua=analytics.js-CURRENT_VERSION&ua_browser_name=Chrome&ua_browser_version=120.0.0.0&ua_os_name=Windows&ua_os_version=10&ua_engine_name=Blink&ua_engine_version=120.0.0.0&page=%2F&referrer=&domain=stripe.com&viewport_height=900&viewport_width=1440&category=Page&label=percent_50&value=undefined&from_mkt_srv=true&document_height=15342&scroll_y=9450&stripe_locale=en-JP&unglobalized_path=%2F&token_b057adf6=b057adf6b78f935b0c5e04130709f884cfc018c3&action_name=scrolled&viewed_name=home&event=scrolled.action&event_count=19&page_view_id=7a730782-d3d7-4b51-a262-87edeeac7c88&event_id=7a730782-d3d7-4b51-a262-87edeeac7c88_19&privacy_consent_loaded=true&privacy_consent_functional=true&privacy_consent_advertising=true
[2026-10-05T11:19:42.855Z] [DEBUG]   [NET] GET 200 image/webp                     https://images.stripeassets.com/fzn2n1nzq965/5dQAw5oJf3TOO1Jt6IKDRH/f391594c11f38d821259acdd3412a7a6/platform-graphic-background_2x.png?w=1632&fm=webp&q=90
[2026-10-05T11:19:42.865Z] [DEBUG]   [NET] GET 200 text/javascript                https://b.stripecdn.com/mkt-ssr-statics/assets/_next/static/chunks/88186.b2451c8976ca0960.js
[2026-10-05T11:19:43.098Z] [DEBUG]   [ABORT] https://r.stripe.com/0
[2026-10-05T11:19:43.099Z] [DEBUG]   [ABORT] https://r.stripe.com/0
[2026-10-05T11:19:43.101Z] [DEBUG]   [CONSOLE ERROR] Failed to load resource: net::ERR_FAILED
[2026-10-05T11:19:43.101Z] [DEBUG]   [CONSOLE ERROR] Failed to load resource: net::ERR_FAILED
[2026-10-05T11:19:43.674Z] [DEBUG]   [NET] GET 200 image/gif                      https://q.stripe.com/?cid=96a65f0f-30e1-427c-845f-7c2422f57909&lsid=96a65f0f-30e1-427c-845f-7c2422f57909&analytics_ua=analytics.js-CURRENT_VERSION&ua_browser_name=Chrome&ua_browser_version=120.0.0.0&ua_os_name=Windows&ua_os_version=10&ua_engine_name=Blink&ua_engine_version=120.0.0.0&page=%2F&referrer=&domain=stripe.com&viewport_height=900&viewport_width=1440&category=Page&label=percent_75&value=undefined&from_mkt_srv=true&document_height=15341&scroll_y=14441&stripe_locale=en-JP&unglobalized_path=%2F&token_b057adf6=b057adf6b78f935b0c5e04130709f884cfc018c3&action_name=scrolled&viewed_name=home&event=scrolled.action&event_count=20&page_view_id=7a730782-d3d7-4b51-a262-87edeeac7c88&event_id=7a730782-d3d7-4b51-a262-87edeeac7c88_20&privacy_consent_loaded=true&privacy_consent_functional=true&privacy_consent_advertising=true
[2026-10-05T11:19:43.684Z] [DEBUG]   [NET] GET 200 image/gif                      https://q.stripe.com/?cid=96a65f0f-30e1-427c-845f-7c2422f57909&lsid=96a65f0f-30e1-427c-845f-7c2422f57909&analytics_ua=analytics.js-CURRENT_VERSION&ua_browser_name=Chrome&ua_browser_version=120.0.0.0&ua_os_name=Windows&ua_os_version=10&ua_engine_name=Blink&ua_engine_version=120.0.0.0&page=%2F&referrer=&domain=stripe.com&viewport_height=900&viewport_width=1440&category=Page&label=percent_90&value=undefined&from_mkt_srv=true&document_height=15341&scroll_y=14441&stripe_locale=en-JP&unglobalized_path=%2F&token_b057adf6=b057adf6b78f935b0c5e04130709f884cfc018c3&action_name=scrolled&viewed_name=home&event=scrolled.action&event_count=21&page_view_id=7a730782-d3d7-4b51-a262-87edeeac7c88&event_id=7a730782-d3d7-4b51-a262-87edeeac7c88_21&privacy_consent_loaded=true&privacy_consent_functional=true&privacy_consent_advertising=true
[2026-10-05T11:19:44.765Z] [DEBUG]   [NET] GET 200 image/webp                     https://images.stripeassets.com/fzn2n1nzq965/5Dr3Oc550drIrxyzzXgFbq/f6e4fb0b8b4b40d73e94fdf7c9bc7028/payments-hoodie.jpg?w=80&fm=webp&q=90
[2026-10-05T11:19:45.377Z] [DEBUG]   [NET] GET 200 text/javascript                https://b.stripecdn.com/mkt-ssr-statics/assets/_next/static/chunks/15366.857af73b8037bcd4.js
[2026-10-05T11:19:45.377Z] [DEBUG]   [NET] GET 200 text/javascript                https://b.stripecdn.com/mkt-ssr-statics/assets/_next/static/chunks/82729.f89ac46c865f4220.js
[2026-10-05T11:19:46.269Z] [DEBUG]   [NET] GET 200 text/javascript                https://b.stripecdn.com/mkt-ssr-statics/assets/_next/static/chunks/90468.9c17b76ee7f472f0.js
[2026-10-05T11:19:47.047Z] [DEBUG]   [NET] GET 200 text/javascript                https://b.stripecdn.com/mkt-ssr-statics/assets/_next/static/chunks/37482.7c845881555b71e7.js
[2026-10-05T11:19:47.363Z] [DEBUG]   [NET] GET 200 text/javascript                https://b.stripecdn.com/mkt-ssr-statics/assets/_next/static/chunks/21624.d588c99c9476b9d1.js
[2026-10-05T11:19:49.176Z] [DEBUG]   [NET] GET 200 image/webp                     https://images.stripeassets.com/fzn2n1nzq965/1UE1lPgwbfQRH586XfTWKM/f90bfc79f87b3e60a4189cc0f5a03228/showflix-streaming.jpg?w=80&fm=webp&q=90
[2026-10-05T11:19:59.084Z] [DEBUG]   [DOM ASSETS] 300 lazy/data asset refs found (shopify deep)
[2026-10-05T11:20:09.735Z] [DEBUG]   [DOM ASSET ERR] https://b.stripecdn.com/mkt-ssr-statics/assets/_next/static/media/wave-fallback-desktop-2x.f0521908.webp: fetch failed
[2026-10-05T11:20:09.736Z] [DEBUG]   [DOM ASSET ERR] https://b.stripecdn.com/mkt-ssr-statics/assets/_next/static/media/wave-fallback-mobile-2x.3638535c.webp: fetch failed
[2026-10-05T11:20:09.736Z] [DEBUG]   [DOM ASSET ERR] https://b.stripecdn.com/mkt-ssr-statics/assets/_next/static/media/wave-fallback-mobile-1x.80eb433a.webp: fetch failed
[2026-10-05T11:20:09.737Z] [DEBUG]   [DOM ASSET ERR] https://b.stripecdn.com/mkt-ssr-statics/assets/_next/static/media/wave-fallback-tablet-2x.96d6cae7.webp: fetch failed
[2026-10-05T11:20:09.737Z] [DEBUG]   [DOM ASSET ERR] https://b.stripecdn.com/mkt-ssr-statics/assets/_next/static/media/wave-fallback-tablet-1x.c0413950.webp: fetch failed
[2026-10-05T11:21:03.446Z] [DEBUG]   [CSS REWRITE] https://b.stripecdn.com/mkt-ssr-statics/assets/_next/static/css/5f8c822d1f0f2d3e.css: 3/3 url() refs rewritten
[2026-10-05T11:21:07.058Z] [DEBUG]   [INTERACT] Clicking 4 interactive element(s) to surface API calls
[2026-10-05T11:21:07.432Z] [DEBUG]   [ABORT] https://r.stripe.com/0
[2026-10-05T11:21:07.453Z] [DEBUG]   [CONSOLE ERROR] Failed to load resource: net::ERR_FAILED
[2026-10-05T11:21:07.782Z] [DEBUG]   [ABORT] https://r.stripe.com/0
[2026-10-05T11:21:07.800Z] [DEBUG]   [CONSOLE ERROR] Failed to load resource: net::ERR_FAILED
[2026-10-05T11:21:08.121Z] [DEBUG]   [ABORT] https://r.stripe.com/0
[2026-10-05T11:21:08.139Z] [DEBUG]   [CONSOLE ERROR] Failed to load resource: net::ERR_FAILED
[2026-10-05T11:21:12.793Z] [DEBUG]   [NET] GET 200 image/webp                     https://images.stripeassets.com/fzn2n1nzq965/5Ha7TddbUvRRq4OCVFzOaL/969f8a4f61e986a44deccb3daae71ffe/enterprise-accordion-nikkei.png?w=1632&fm=webp&q=90
[2026-10-05T11:21:16.553Z] [DEBUG]   [NET] GET 200 image/webp                     https://images.stripeassets.com/fzn2n1nzq965/5WP2MA7jqkvGH7pxkr8opu/47a89044b2cd2eb4c61a8cc285c010fd/enterprise-accordion-tokyu.png?w=1632&fm=webp&q=90
[2026-10-05T11:21:18.804Z] [DEBUG]   [NET] GET 200 image/webp                     https://images.stripeassets.com/fzn2n1nzq965/673WA1nODKx1d58ALsLbKj/305133d6aae8811d9a15cb6d7ce9465c/enterprise-accordion-dena.png?w=1632&fm=webp&q=90
[2026-10-05T11:21:19.114Z] [DEBUG]   [DOM ASSET ERR] fetch failed
[2026-10-05T11:21:19.114Z] [DEBUG]   [DOM ASSET ERR] fetch failed
[2026-10-05T11:21:19.114Z] [DEBUG]   [DOM ASSET ERR] fetch failed
[2026-10-05T11:21:19.114Z] [DEBUG]   [DOM ASSET ERR] fetch failed
[2026-10-05T11:21:19.115Z] [DEBUG]   [DOM ASSET ERR] fetch failed
[2026-10-05T11:21:22.439Z] [DEBUG]   [FETCH FAIL] https://q.stripe.com/?cid=96a65f0f-30e1-427c-845f-7c2422f57909&lsid=96a65f0f-30e1-427c-845f-7c2422f57909&analytics_ua=analytics.js-CURRENT_VERSION&ua_browser_name=Chrome&ua_browser_version=120.0.0.0&ua_os_name=Windows&ua_os_version=10&ua_engine_name=Blink&ua_engine_version=120.0.0.0&page=%2F&referrer=&domain=stripe.com&viewport_height=900&viewport_width=1440&category=Custom%20interactive%20components&label=accordion_expanded__dena&value=undefined&from_mkt_srv=true&document_height=15341&scroll_y=6853&stripe_locale=en-JP&unglobalized_path=%2F&token_b057adf6=b057adf6b78f935b0c5e04130709f884cfc018c3&action_name=clicked&viewed_name=home&event=clicked.action&event_count=22&page_view_id=7a730782-d3d7-4b51-a262-87edeeac7c88&event_id=7a730782-d3d7-4b51-a262-87edeeac7c88_22&privacy_consent_loaded=true&privacy_consent_functional=true&privacy_consent_advertising=true: route.fetch: Timeout 15000ms exceeded.
Call log:
  - → GET https://q.stripe.com/?cid=96a65f0f-30e1-427c-845f-7c2422f57909&lsid=96a65f0f-30e1-427c-845f-7c2422f57909&analytics_ua=analytics.js-CURRENT_VERSION&ua_browser_name=Chrome&ua_browser_version=120.0.0.0&ua_os_name=Windows&ua_os_version=10&ua_engine_name=Blink&ua_engine_version=120.0.0.0&page=%2F&referrer=&domain=stripe.com&viewport_height=900&viewport_width=1440&category=Custom%20interactive%20components&label=accordion_expanded__dena&value=undefined&from_mkt_srv=true&document_height=15341&scroll_y=6853&stripe_locale=en-JP&unglobalized_path=%2F&token_b057adf6=b057adf6b78f935b0c5e04130709f884cfc018c3&action_name=clicked&viewed_name=home&event=clicked.action&event_count=22&page_view_id=7a730782-d3d7-4b51-a262-87edeeac7c88&event_id=7a730782-d3d7-4b51-a262-87edeeac7c88_22&privacy_consent_loaded=true&privacy_consent_functional=true&privacy_consent_advertising=true
    - user-agent: Mozilla/5.0 (Windows NT 10.0; Win64; x64) AppleWebKit/537.36 (KHTML, like Gecko) Chrome/120.0.0.0 Safari/537.36
    - accept: image/avif,image/webp,image/apng,image/svg+xml,image/*,*/*;q=0.8
    - accept-encoding: gzip,deflate,br
    - Accept-Language: en-US,en;q=0.9
    - cookie: cid=96a65f0f-30e1-427c-845f-7c2422f57909; __Secure-sid=b477da9b-1333-4aa9-ba3a-57ef0e01ce67
    - referer: https://stripe.com/
    - sec-ch-ua: "Chromium";v="154", "Microsoft Edge";v="154", "Not A(Brand";v="99"
    - sec-ch-ua-mobile: ?0
    - sec-ch-ua-platform: "Windows"

[2026-10-05T11:21:22.441Z] [DEBUG]   [CONSOLE ERROR] Failed to load resource: net::ERR_FAILED
[2026-10-05T11:21:22.793Z] [DEBUG]   [FETCH FAIL] https://q.stripe.com/?cid=96a65f0f-30e1-427c-845f-7c2422f57909&lsid=96a65f0f-30e1-427c-845f-7c2422f57909&analytics_ua=analytics.js-CURRENT_VERSION&ua_browser_name=Chrome&ua_browser_version=120.0.0.0&ua_os_name=Windows&ua_os_version=10&ua_engine_name=Blink&ua_engine_version=120.0.0.0&page=%2F&referrer=&domain=stripe.com&viewport_height=900&viewport_width=1440&category=Custom%20interactive%20components&label=accordion_expanded__nikkei&value=undefined&from_mkt_srv=true&document_height=15341&scroll_y=6853&stripe_locale=en-JP&unglobalized_path=%2F&token_b057adf6=b057adf6b78f935b0c5e04130709f884cfc018c3&action_name=clicked&viewed_name=home&event=clicked.action&event_count=23&page_view_id=7a730782-d3d7-4b51-a262-87edeeac7c88&event_id=7a730782-d3d7-4b51-a262-87edeeac7c88_23&privacy_consent_loaded=true&privacy_consent_advertising=true&privacy_consent_functional=true: route.fetch: Timeout 15000ms exceeded.
Call log:
  - → GET https://q.stripe.com/?cid=96a65f0f-30e1-427c-845f-7c2422f57909&lsid=96a65f0f-30e1-427c-845f-7c2422f57909&analytics_ua=analytics.js-CURRENT_VERSION&ua_browser_name=Chrome&ua_browser_version=120.0.0.0&ua_os_name=Windows&ua_os_version=10&ua_engine_name=Blink&ua_engine_version=120.0.0.0&page=%2F&referrer=&domain=stripe.com&viewport_height=900&viewport_width=1440&category=Custom%20interactive%20components&label=accordion_expanded__nikkei&value=undefined&from_mkt_srv=true&document_height=15341&scroll_y=6853&stripe_locale=en-JP&unglobalized_path=%2F&token_b057adf6=b057adf6b78f935b0c5e04130709f884cfc018c3&action_name=clicked&viewed_name=home&event=clicked.action&event_count=23&page_view_id=7a730782-d3d7-4b51-a262-87edeeac7c88&event_id=7a730782-d3d7-4b51-a262-87edeeac7c88_23&privacy_consent_loaded=true&privacy_consent_advertising=true&privacy_consent_functional=true
    - user-agent: Mozilla/5.0 (Windows NT 10.0; Win64; x64) AppleWebKit/537.36 (KHTML, like Gecko) Chrome/120.0.0.0 Safari/537.36
    - accept: image/avif,image/webp,image/apng,image/svg+xml,image/*,*/*;q=0.8
    - accept-encoding: gzip,deflate,br
    - Accept-Language: en-US,en;q=0.9
    - cookie: cid=96a65f0f-30e1-427c-845f-7c2422f57909; __Secure-sid=b477da9b-1333-4aa9-ba3a-57ef0e01ce67
    - referer: https://stripe.com/
    - sec-ch-ua: "Chromium";v="154", "Microsoft Edge";v="154", "Not A(Brand";v="99"
    - sec-ch-ua-mobile: ?0
    - sec-ch-ua-platform: "Windows"

[2026-10-05T11:21:22.798Z] [DEBUG]   [CONSOLE ERROR] Failed to load resource: net::ERR_FAILED
[2026-10-05T11:21:22.996Z] [DEBUG]   [NET] GET 200 image/webp                     https://images.stripeassets.com/fzn2n1nzq965/m9HBEK464p46FeNIhs2PV/f5054a93c8a0a6aabdd1c47675d610ae/wave_crop.jpg?w=1104&fm=webp&q=80
[2026-10-05T11:21:23.017Z] [DEBUG]   [NET] GET 200 image/webp                     https://images.stripeassets.com/fzn2n1nzq965/1eVnXDn2uKF2Ka43laIhhu/4ecb3ba902b71ef5bdabf4ff88dffbe7/Background.png?w=384&fm=webp&q=90
[2026-10-05T11:21:23.025Z] [DEBUG]   [NET] GET 200 image/webp                     https://images.stripeassets.com/fzn2n1nzq965/yqIFyZRGU5zDwdUsWtUyM/25b9f23c748c4d54079a09016fde59d8/annual-letter-mobile.png?w=336&fm=webp&q=90
[2026-10-05T11:21:23.063Z] [DEBUG]   [NET] GET 200 image/webp                     https://images.stripeassets.com/fzn2n1nzq965/6yE6G454SGCJnJgEYsS2MB/70b405a1dce904bc0c6f2698223fb966/the-happenings-bfcm-mobile.png?w=336&fm=webp&q=90
[2026-10-05T11:21:23.086Z] [DEBUG]   [NET] GET 200 image/webp                     https://images.stripeassets.com/fzn2n1nzq965/4LaZVLqDqGf9091wqUAmFp/fbe9fc307e1336b69bcd9be4ec5c4752/the-happenings-crypto-mobile.png?w=336&fm=webp&q=90
[2026-10-05T11:21:23.094Z] [DEBUG]   [NET] GET 200 image/webp                     https://images.stripeassets.com/fzn2n1nzq965/t03tXrgvnHUPGwxYUgSxN/bd8da003434c9e9fb72c719b9edb429b/the-happenings-cheeky-pint-mobile.png?w=336&fm=webp&q=90
[2026-10-05T11:21:23.114Z] [DEBUG]   [NET] GET 200 image/webp                     https://images.stripeassets.com/fzn2n1nzq965/Pd2JQ7FZ1pYMIMGDwvMdV/13e7e021ca23d042da8ac07be829f7ef/the-happenings-payment-processing-mobile.png?w=336&fm=webp&q=90
[2026-10-05T11:21:23.123Z] [DEBUG]   [FETCH FAIL] https://q.stripe.com/?cid=96a65f0f-30e1-427c-845f-7c2422f57909&lsid=96a65f0f-30e1-427c-845f-7c2422f57909&analytics_ua=analytics.js-CURRENT_VERSION&ua_browser_name=Chrome&ua_browser_version=120.0.0.0&ua_os_name=Windows&ua_os_version=10&ua_engine_name=Blink&ua_engine_version=120.0.0.0&page=%2F&referrer=&domain=stripe.com&viewport_height=900&viewport_width=1440&category=Custom%20interactive%20components&label=accordion_expanded__tokyu&value=undefined&from_mkt_srv=true&document_height=15195&scroll_y=6801&stripe_locale=en-JP&unglobalized_path=%2F&token_b057adf6=b057adf6b78f935b0c5e04130709f884cfc018c3&action_name=clicked&viewed_name=home&event=clicked.action&event_count=24&page_view_id=7a730782-d3d7-4b51-a262-87edeeac7c88&event_id=7a730782-d3d7-4b51-a262-87edeeac7c88_24&privacy_consent_loaded=true&privacy_consent_functional=true&privacy_consent_advertising=true: route.fetch: Timeout 15000ms exceeded.
Call log:
  - → GET https://q.stripe.com/?cid=96a65f0f-30e1-427c-845f-7c2422f57909&lsid=96a65f0f-30e1-427c-845f-7c2422f57909&analytics_ua=analytics.js-CURRENT_VERSION&ua_browser_name=Chrome&ua_browser_version=120.0.0.0&ua_os_name=Windows&ua_os_version=10&ua_engine_name=Blink&ua_engine_version=120.0.0.0&page=%2F&referrer=&domain=stripe.com&viewport_height=900&viewport_width=1440&category=Custom%20interactive%20components&label=accordion_expanded__tokyu&value=undefined&from_mkt_srv=true&document_height=15195&scroll_y=6801&stripe_locale=en-JP&unglobalized_path=%2F&token_b057adf6=b057adf6b78f935b0c5e04130709f884cfc018c3&action_name=clicked&viewed_name=home&event=clicked.action&event_count=24&page_view_id=7a730782-d3d7-4b51-a262-87edeeac7c88&event_id=7a730782-d3d7-4b51-a262-87edeeac7c88_24&privacy_consent_loaded=true&privacy_consent_functional=true&privacy_consent_advertising=true
    - user-agent: Mozilla/5.0 (Windows NT 10.0; Win64; x64) AppleWebKit/537.36 (KHTML, like Gecko) Chrome/120.0.0.0 Safari/537.36
    - accept: image/avif,image/webp,image/apng,image/svg+xml,image/*,*/*;q=0.8
    - accept-encoding: gzip,deflate,br
    - Accept-Language: en-US,en;q=0.9
    - cookie: cid=96a65f0f-30e1-427c-845f-7c2422f57909; __Secure-sid=b477da9b-1333-4aa9-ba3a-57ef0e01ce67
    - referer: https://stripe.com/
    - sec-ch-ua: "Chromium";v="154", "Microsoft Edge";v="154", "Not A(Brand";v="99"
    - sec-ch-ua-mobile: ?0
    - sec-ch-ua-platform: "Windows"

[2026-10-05T11:21:23.124Z] [DEBUG]   [CONSOLE ERROR] Failed to load resource: net::ERR_FAILED
[2026-10-05T11:21:23.130Z] [DEBUG]   [NET] GET 200 image/webp                     https://images.stripeassets.com/fzn2n1nzq965/1k7ckFceNFlxqF47hWJUlM/eaa4d8b3f8e4b76ba3dd7df7da88e099/the-happenings-agentic-mobile.png?w=336&fm=webp&q=90
[2026-10-05T11:21:23.187Z] [DEBUG]   [NET] GET 200 image/webp                     https://images.stripeassets.com/fzn2n1nzq965/3NcSrMqMgaKe75QNr8wZI8/46d520dfc48c5b9f1c59dcde9460b58c/connect-bento-card-background-image.jpg?w=1232&fm=webp&q=90
[2026-10-05T11:21:23.191Z] [DEBUG]   [NET] GET 200 image/webp                     https://images.stripeassets.com/fzn2n1nzq965/33xcv8eCmXzMzWXicVQ4cF/83d91fa419ff8d1b9466739b4ecdcb1d/the-happenings-tidemark-mobile.png?w=336&fm=webp&q=90
[2026-10-05T11:21:23.267Z] [DEBUG]   [NET] GET 200 image/webp                     https://images.stripeassets.com/fzn2n1nzq965/7EVLwfXmG3pl1vhBssMrFB/b6d8612b1f567922c1355d864c279678/the-happenings-payment-retailers-mobile.png?w=336&fm=webp&q=90
[2026-10-05T11:21:23.352Z] [DEBUG]   [NET] GET 200 image/webp                     https://images.stripeassets.com/fzn2n1nzq965/63zO5Z4CABvFl3pLLhnu3l/a9c12c883f820dc29d29fa0b9dcb0814/DatavizStatic3x.png?w=768&fm=webp&q=90
[2026-10-05T11:21:23.760Z] [DEBUG]   [ABORT] https://r.stripe.com/0
[2026-10-05T11:21:23.772Z] [DEBUG]   [CONSOLE ERROR] Failed to load resource: net::ERR_FAILED
[2026-10-05T11:21:23.844Z] [DEBUG]   [ABORT] https://r.stripe.com/0
[2026-10-05T11:21:23.920Z] [DEBUG]   [CONSOLE ERROR] Failed to load resource: net::ERR_FAILED
[2026-10-05T11:21:24.075Z] [DEBUG]   [ABORT] https://r.stripe.com/0
[2026-10-05T11:21:24.084Z] [DEBUG]   [CONSOLE ERROR] Failed to load resource: net::ERR_FAILED
[2026-10-05T11:21:24.338Z] [DEBUG]   [ABORT] https://r.stripe.com/0
[2026-10-05T11:21:24.343Z] [DEBUG]   [CONSOLE ERROR] Failed to load resource: net::ERR_FAILED
[2026-10-05T11:21:24.580Z] [DEBUG]   [ABORT] https://r.stripe.com/0
[2026-10-05T11:21:24.584Z] [DEBUG]   [CONSOLE ERROR] Failed to load resource: net::ERR_FAILED
[2026-10-05T11:21:26.528Z] [DEBUG]   [NET] GET 200 image/webp                     https://images.stripeassets.com/fzn2n1nzq965/1fXkzdGTGUqFS4khCdLKq8/5bc54c1739b62111a740119871d3582e/sessions-2026-nav-bg.png?w=760&fm=webp&q=90
[2026-10-05T11:21:27.688Z] [DEBUG]   [IMAGE FALLBACK] https://stripe.com/_assets/canvas_10a8e8a9b4098f96.png -> HTTP 404, substituting placeholder for browser
[2026-10-05T11:21:27.758Z] [DEBUG]   [IMAGE FALLBACK] https://stripe.com/_assets/canvas_2e34bae848d39dc4.png -> HTTP 404, substituting placeholder for browser
[2026-10-05T11:21:27.779Z] [DEBUG]   [IMAGE FALLBACK] https://stripe.com/_assets/canvas_37e828af4ac98714.png -> HTTP 404, substituting placeholder for browser
[2026-10-05T11:21:27.781Z] [DEBUG]   [IMAGE FALLBACK] https://stripe.com/_assets/canvas_e7bc25b2a73062e7.png -> HTTP 404, substituting placeholder for browser
[2026-10-05T11:21:27.798Z] [DEBUG]   [IMAGE FALLBACK] https://stripe.com/_assets/canvas_de8f58dc51a7bb90.png -> HTTP 404, substituting placeholder for browser
[2026-10-05T11:21:28.127Z] [DEBUG]   [NET] GET 200 image/gif                      https://q.stripe.com/?cid=96a65f0f-30e1-427c-845f-7c2422f57909&lsid=96a65f0f-30e1-427c-845f-7c2422f57909&analytics_ua=analytics.js-CURRENT_VERSION&ua_browser_name=Chrome&ua_browser_version=120.0.0.0&ua_os_name=Windows&ua_os_version=10&ua_engine_name=Blink&ua_engine_version=120.0.0.0&page=%2F&referrer=&domain=stripe.com&viewport_height=900&viewport_width=1440&category=Navigation&label=SiteHeader&value=undefined&from_mkt_srv=true&document_height=15341&scroll_y=0&stripe_locale=en-JP&unglobalized_path=%2F&token_b057adf6=b057adf6b78f935b0c5e04130709f884cfc018c3&action_name=nav_dropdown_opened_1&viewed_name=home&event=nav_dropdown_opened_1.action&event_count=27&page_view_id=7a730782-d3d7-4b51-a262-87edeeac7c88&event_id=7a730782-d3d7-4b51-a262-87edeeac7c88_27&privacy_consent_loaded=true&privacy_consent_advertising=true&privacy_consent_functional=true
[2026-10-05T11:21:28.138Z] [DEBUG]   [NET] GET 200 image/gif                      https://q.stripe.com/?cid=96a65f0f-30e1-427c-845f-7c2422f57909&lsid=96a65f0f-30e1-427c-845f-7c2422f57909&analytics_ua=analytics.js-CURRENT_VERSION&ua_browser_name=Chrome&ua_browser_version=120.0.0.0&ua_os_name=Windows&ua_os_version=10&ua_engine_name=Blink&ua_engine_version=120.0.0.0&page=%2F&referrer=&domain=stripe.com&viewport_height=900&viewport_width=1440&category=Navigation&label=SiteHeader&value=undefined&from_mkt_srv=true&document_height=15341&scroll_y=0&stripe_locale=en-JP&unglobalized_path=%2F&token_b057adf6=b057adf6b78f935b0c5e04130709f884cfc018c3&action_name=nav_dropdown_opened_2&viewed_name=home&event=nav_dropdown_opened_2.action&event_count=28&page_view_id=7a730782-d3d7-4b51-a262-87edeeac7c88&event_id=7a730782-d3d7-4b51-a262-87edeeac7c88_28&privacy_consent_loaded=true&privacy_consent_functional=true&privacy_consent_advertising=true
[2026-10-05T11:21:28.147Z] [DEBUG]   [NET] GET 200 image/gif                      https://q.stripe.com/?cid=96a65f0f-30e1-427c-845f-7c2422f57909&lsid=96a65f0f-30e1-427c-845f-7c2422f57909&analytics_ua=analytics.js-CURRENT_VERSION&ua_browser_name=Chrome&ua_browser_version=120.0.0.0&ua_os_name=Windows&ua_os_version=10&ua_engine_name=Blink&ua_engine_version=120.0.0.0&page=%2F&referrer=&domain=stripe.com&viewport_height=900&viewport_width=1440&category=Navigation&label=SiteHeader&value=undefined&from_mkt_srv=true&document_height=15341&scroll_y=0&stripe_locale=en-JP&unglobalized_path=%2F&token_b057adf6=b057adf6b78f935b0c5e04130709f884cfc018c3&action_name=nav_dropdown_opened_0&viewed_name=home&event=nav_dropdown_opened_0.action&event_count=25&page_view_id=7a730782-d3d7-4b51-a262-87edeeac7c88&event_id=7a730782-d3d7-4b51-a262-87edeeac7c88_25&privacy_consent_loaded=true&privacy_consent_functional=true&privacy_consent_advertising=true
[2026-10-05T11:21:28.148Z] [DEBUG]   [NET] GET 200 image/gif                      https://q.stripe.com/?cid=96a65f0f-30e1-427c-845f-7c2422f57909&lsid=96a65f0f-30e1-427c-845f-7c2422f57909&analytics_ua=analytics.js-CURRENT_VERSION&ua_browser_name=Chrome&ua_browser_version=120.0.0.0&ua_os_name=Windows&ua_os_version=10&ua_engine_name=Blink&ua_engine_version=120.0.0.0&page=%2F&referrer=&domain=stripe.com&viewport_height=900&viewport_width=1440&category=Navigation&label=SiteHeader&value=undefined&from_mkt_srv=true&document_height=15341&scroll_y=0&stripe_locale=en-JP&unglobalized_path=%2F&token_b057adf6=b057adf6b78f935b0c5e04130709f884cfc018c3&action_name=nav_dropdown_opened_3&viewed_name=home&event=nav_dropdown_opened_3.action&event_count=29&page_view_id=7a730782-d3d7-4b51-a262-87edeeac7c88&event_id=7a730782-d3d7-4b51-a262-87edeeac7c88_29&privacy_consent_loaded=true&privacy_consent_advertising=true&privacy_consent_functional=true
[2026-10-05T11:21:28.157Z] [DEBUG]   [NET] GET 200 image/gif                      https://q.stripe.com/?cid=96a65f0f-30e1-427c-845f-7c2422f57909&lsid=96a65f0f-30e1-427c-845f-7c2422f57909&analytics_ua=analytics.js-CURRENT_VERSION&ua_browser_name=Chrome&ua_browser_version=120.0.0.0&ua_os_name=Windows&ua_os_version=10&ua_engine_name=Blink&ua_engine_version=120.0.0.0&page=%2F&referrer=&domain=stripe.com&viewport_height=900&viewport_width=1440&category=Navigation&label=SiteHeader&value=undefined&from_mkt_srv=true&document_height=15341&scroll_y=0&stripe_locale=en-JP&unglobalized_path=%2F&token_b057adf6=b057adf6b78f935b0c5e04130709f884cfc018c3&action_name=nav_dropdown_opened_0&viewed_name=home&event=nav_dropdown_opened_0.action&event_count=26&page_view_id=7a730782-d3d7-4b51-a262-87edeeac7c88&event_id=7a730782-d3d7-4b51-a262-87edeeac7c88_26&privacy_consent_loaded=true&privacy_consent_advertising=true&privacy_consent_functional=true
[2026-10-05T11:21:31.735Z] [DEBUG]   [ABORT] https://r.stripe.com/0
[2026-10-05T11:21:31.742Z] [DEBUG]   [CONSOLE ERROR] Failed to load resource: net::ERR_FAILED
[2026-10-05T11:21:33.056Z] [DEBUG]   [ABORT] https://r.stripe.com/0
[2026-10-05T11:21:33.066Z] [DEBUG]   [CONSOLE ERROR] Failed to load resource: net::ERR_FAILED
[2026-10-05T11:21:33.470Z] [DEBUG]   [ABORT] https://r.stripe.com/0
[2026-10-05T11:21:33.489Z] [DEBUG]   [CONSOLE ERROR] Failed to load resource: net::ERR_FAILED
[2026-10-05T11:21:33.921Z] [DEBUG]   [NET] GET 200 image/gif                      https://q.stripe.com/?cid=96a65f0f-30e1-427c-845f-7c2422f57909&lsid=96a65f0f-30e1-427c-845f-7c2422f57909&analytics_ua=analytics.js-CURRENT_VERSION&ua_browser_name=Chrome&ua_browser_version=120.0.0.0&ua_os_name=Windows&ua_os_version=10&ua_engine_name=Blink&ua_engine_version=120.0.0.0&page=%2F&referrer=&domain=stripe.com&viewport_height=900&viewport_width=1440&category=Custom%20interactive%20components&label=accordion_expanded__dena&value=undefined&from_mkt_srv=true&document_height=15341&scroll_y=6229&stripe_locale=en-JP&unglobalized_path=%2F&token_b057adf6=b057adf6b78f935b0c5e04130709f884cfc018c3&action_name=clicked&viewed_name=home&event=clicked.action&event_count=30&page_view_id=7a730782-d3d7-4b51-a262-87edeeac7c88&event_id=7a730782-d3d7-4b51-a262-87edeeac7c88_30&privacy_consent_loaded=true&privacy_consent_functional=true&privacy_consent_advertising=true
[2026-10-05T11:21:35.572Z] [DEBUG]   [NET] GET 200 image/gif                      https://q.stripe.com/?cid=96a65f0f-30e1-427c-845f-7c2422f57909&lsid=96a65f0f-30e1-427c-845f-7c2422f57909&analytics_ua=analytics.js-CURRENT_VERSION&ua_browser_name=Chrome&ua_browser_version=120.0.0.0&ua_os_name=Windows&ua_os_version=10&ua_engine_name=Blink&ua_engine_version=120.0.0.0&page=%2F&referrer=&domain=stripe.com&viewport_height=900&viewport_width=1440&category=Custom%20interactive%20components&label=accordion_expanded__nikkei&value=undefined&from_mkt_srv=true&document_height=15341&scroll_y=6488&stripe_locale=en-JP&unglobalized_path=%2F&token_b057adf6=b057adf6b78f935b0c5e04130709f884cfc018c3&action_name=clicked&viewed_name=home&event=clicked.action&event_count=31&page_view_id=7a730782-d3d7-4b51-a262-87edeeac7c88&event_id=7a730782-d3d7-4b51-a262-87edeeac7c88_31&privacy_consent_loaded=true&privacy_consent_functional=true&privacy_consent_advertising=true
[2026-10-05T11:21:35.711Z] [DEBUG]   [NET] GET 200 image/gif                      https://q.stripe.com/?cid=96a65f0f-30e1-427c-845f-7c2422f57909&lsid=96a65f0f-30e1-427c-845f-7c2422f57909&analytics_ua=analytics.js-CURRENT_VERSION&ua_browser_name=Chrome&ua_browser_version=120.0.0.0&ua_os_name=Windows&ua_os_version=10&ua_engine_name=Blink&ua_engine_version=120.0.0.0&page=%2F&referrer=&domain=stripe.com&viewport_height=900&viewport_width=1440&category=Custom%20interactive%20components&label=accordion_expanded__tokyu&value=undefined&from_mkt_srv=true&document_height=15340&scroll_y=6999&stripe_locale=en-JP&unglobalized_path=%2F&token_b057adf6=b057adf6b78f935b0c5e04130709f884cfc018c3&action_name=clicked&viewed_name=home&event=clicked.action&event_count=32&page_view_id=7a730782-d3d7-4b51-a262-87edeeac7c88&event_id=7a730782-d3d7-4b51-a262-87edeeac7c88_32&privacy_consent_loaded=true&privacy_consent_advertising=true&privacy_consent_functional=true
[2026-10-05T11:21:37.453Z] [DEBUG]   [NET] GET 200 text/javascript                https://b.stripecdn.com/mkt-ssr-statics/assets/_next/static/chunks/73994.2ba1d0deb53338f8.js
[2026-10-05T11:21:37.453Z] [DEBUG]   [NET] GET 200 text/javascript                https://b.stripecdn.com/mkt-ssr-statics/assets/_next/static/chunks/47679.8150a086fa01ccb1.js
[2026-10-05T11:21:37.463Z] [DEBUG]   [NET] GET 200 text/javascript                https://b.stripecdn.com/mkt-ssr-statics/assets/_next/static/chunks/30780.d57fc5018506c270.js
[2026-10-05T11:21:37.464Z] [DEBUG]   [NET] GET 200 text/javascript                https://b.stripecdn.com/mkt-ssr-statics/assets/_next/static/chunks/77002.75b2d89881125b55.js
[2026-10-05T11:21:37.464Z] [DEBUG]   [NET] GET 200 text/javascript                https://b.stripecdn.com/mkt-ssr-statics/assets/_next/static/chunks/13907.12e188350ac4f1ba.js
[2026-10-05T11:21:37.464Z] [DEBUG]   [NET] GET 200 text/javascript                https://b.stripecdn.com/mkt-ssr-statics/assets/_next/static/chunks/21322.36fa652b6d569c20.js
[2026-10-05T11:21:37.754Z] [DEBUG]   [NET] GET 200 text/javascript                https://b.stripecdn.com/mkt-ssr-statics/assets/_next/static/chunks/45714.5a97006ff49b611c.js
[2026-10-05T11:21:37.755Z] [DEBUG]   [NET] GET 200 text/javascript                https://b.stripecdn.com/mkt-ssr-statics/assets/_next/static/chunks/99902.3e9069e770817246.js
[2026-10-05T11:21:37.756Z] [DEBUG]   [NET] GET 200 text/javascript                https://b.stripecdn.com/mkt-ssr-statics/assets/_next/static/chunks/98560.fd2a99f763c3c343.js
[2026-10-05T11:21:37.757Z] [DEBUG]   [NET] GET 200 text/javascript                https://b.stripecdn.com/mkt-ssr-statics/assets/_next/static/chunks/5123.85e658a79eebacea.js
[2026-10-05T11:21:37.757Z] [DEBUG]   [NET] GET 200 text/javascript                https://b.stripecdn.com/mkt-ssr-statics/assets/_next/static/chunks/96941.e43e32d565bf42b8.js
[2026-10-05T11:21:37.758Z] [DEBUG]   [NET] GET 200 text/javascript                https://b.stripecdn.com/mkt-ssr-statics/assets/_next/static/chunks/54197.dec12d2497cb7595.js
[2026-10-05T11:21:37.773Z] [DEBUG]   [NET] GET 200 text/javascript                https://b.stripecdn.com/mkt-ssr-statics/assets/_next/static/chunks/45403.ff3c118ca59e4325.js
[2026-10-05T11:21:37.773Z] [DEBUG]   [NET] GET 200 text/javascript                https://b.stripecdn.com/mkt-ssr-statics/assets/_next/static/chunks/80130.04b18e6abfc784f9.js
[2026-10-05T11:21:37.774Z] [DEBUG]   [NET] GET 200 text/javascript                https://b.stripecdn.com/mkt-ssr-statics/assets/_next/static/chunks/34936.d7171441d396f408.js
[2026-10-05T11:21:37.774Z] [DEBUG]   [NET] GET 200 text/javascript                https://b.stripecdn.com/mkt-ssr-statics/assets/_next/static/chunks/74046.d6ff5756243c291c.js
[2026-10-05T11:21:37.778Z] [DEBUG]   [NET] GET 200 text/javascript                https://b.stripecdn.com/mkt-ssr-statics/assets/_next/static/chunks/41020.28911876c8ce15bf.js
[2026-10-05T11:21:37.778Z] [DEBUG]   [NET] GET 200 text/javascript                https://b.stripecdn.com/mkt-ssr-statics/assets/_next/static/chunks/44429.331b65bc68e8d7f5.js
[2026-10-05T11:21:37.779Z] [DEBUG]   [NET] GET 200 text/javascript                https://b.stripecdn.com/mkt-ssr-statics/assets/_next/static/chunks/81459.1602ebf5e1a02e67.js
[2026-10-05T11:21:37.904Z] [DEBUG]   [NET] GET 200 text/javascript                https://b.stripecdn.com/mkt-ssr-statics/assets/_next/static/chunks/30459.851248d359990786.js
[2026-10-05T11:21:37.904Z] [DEBUG]   [NET] GET 200 text/javascript                https://b.stripecdn.com/mkt-ssr-statics/assets/_next/static/chunks/39158.32076210ffb2c00f.js
[2026-10-05T11:21:37.904Z] [DEBUG]   [NET] GET 200 text/javascript                https://b.stripecdn.com/mkt-ssr-statics/assets/_next/static/chunks/43379.256b59f27db7dd2a.js
[2026-10-05T11:21:37.905Z] [DEBUG]   [NET] GET 200 text/javascript                https://b.stripecdn.com/mkt-ssr-statics/assets/_next/static/chunks/34432.26194ad555e0bc37.js
[2026-10-05T11:21:37.905Z] [DEBUG]   [NET] GET 200 text/javascript                https://b.stripecdn.com/mkt-ssr-statics/assets/_next/static/chunks/32652.153d3ba93ac7f6fd.js
[2026-10-05T11:21:37.905Z] [DEBUG]   [NET] GET 200 text/javascript                https://b.stripecdn.com/mkt-ssr-statics/assets/_next/static/chunks/29804.a880233f288b9082.js
[2026-10-05T11:21:37.905Z] [DEBUG]   [NET] GET 200 text/javascript                https://b.stripecdn.com/mkt-ssr-statics/assets/_next/static/chunks/52142.7225777d99f648a4.js
[2026-10-05T11:21:37.905Z] [DEBUG]   [NET] GET 200 text/javascript                https://b.stripecdn.com/mkt-ssr-statics/assets/_next/static/chunks/12779.b93abf0962b9b540.js
[2026-10-05T11:21:37.905Z] [DEBUG]   [NET] GET 200 text/javascript                https://b.stripecdn.com/mkt-ssr-statics/assets/_next/static/chunks/71714.d3bfb7460686eb67.js
[2026-10-05T11:21:37.911Z] [DEBUG]   [NET] GET 200 text/javascript                https://b.stripecdn.com/mkt-ssr-statics/assets/_next/static/chunks/11700.24b82e706486189f.js
[2026-10-05T11:21:37.911Z] [DEBUG]   [NET] GET 200 text/javascript                https://b.stripecdn.com/mkt-ssr-statics/assets/_next/static/chunks/74439.82dfa364638b36bb.js
[2026-10-05T11:21:37.911Z] [DEBUG]   [NET] GET 200 text/javascript                https://b.stripecdn.com/mkt-ssr-statics/assets/_next/static/chunks/18235.8d78c76dffce0986.js
[2026-10-05T11:21:37.911Z] [DEBUG]   [NET] GET 200 text/javascript                https://b.stripecdn.com/mkt-ssr-statics/assets/_next/static/chunks/93922.b686b33eae574399.js
[2026-10-05T11:21:37.930Z] [DEBUG]   [NET] GET 200 text/javascript                https://b.stripecdn.com/mkt-ssr-statics/assets/_next/static/chunks/45445.b622b6a23e09a0be.js
[2026-10-05T11:21:37.931Z] [DEBUG]   [NET] GET 200 text/javascript                https://b.stripecdn.com/mkt-ssr-statics/assets/_next/static/chunks/38240.e197ac834cfbcca6.js
[2026-10-05T11:21:37.931Z] [DEBUG]   [NET] GET 200 text/javascript                https://b.stripecdn.com/mkt-ssr-statics/assets/_next/static/chunks/33991.28fd4b55472a1b98.js
[2026-10-05T11:21:37.932Z] [DEBUG]   [NET] GET 200 text/javascript                https://b.stripecdn.com/mkt-ssr-statics/assets/_next/static/chunks/89633.4cbd427db1e6cdf0.js
[2026-10-05T11:21:37.932Z] [DEBUG]   [NET] GET 200 text/javascript                https://b.stripecdn.com/mkt-ssr-statics/assets/_next/static/chunks/86074.7635a2a9972a584b.js
[2026-10-05T11:21:37.934Z] [DEBUG]   [NET] GET 200 text/javascript                https://b.stripecdn.com/mkt-ssr-statics/assets/_next/static/chunks/52717.3b9803c61b2b7d06.js
[2026-10-05T11:21:37.934Z] [DEBUG]   [NET] GET 200 text/javascript                https://b.stripecdn.com/mkt-ssr-statics/assets/_next/static/chunks/68334.0ce2b18fb721dee7.js
[2026-10-05T11:21:37.935Z] [DEBUG]   [NET] GET 200 text/javascript                https://b.stripecdn.com/mkt-ssr-statics/assets/_next/static/chunks/16114.a95aa06cb6f463fe.js
[2026-10-05T11:21:37.943Z] [DEBUG]   [NET] GET 200 text/javascript                https://b.stripecdn.com/mkt-ssr-statics/assets/_next/static/chunks/35427.a48c0ed48ac88454.js
[2026-10-05T11:21:37.943Z] [DEBUG]   [NET] GET 200 text/javascript                https://b.stripecdn.com/mkt-ssr-statics/assets/_next/static/chunks/57814.d9d8fa59ab740ee9.js
[2026-10-05T11:21:37.943Z] [DEBUG]   [NET] GET 200 text/javascript                https://b.stripecdn.com/mkt-ssr-statics/assets/_next/static/chunks/39513.8ad812448389299e.js
[2026-10-05T11:21:37.943Z] [DEBUG]   [NET] GET 200 text/javascript                https://b.stripecdn.com/mkt-ssr-statics/assets/_next/static/chunks/58215.e3992b930aa3cba4.js
[2026-10-05T11:21:38.272Z] [DEBUG]   [NET] GET 200 text/javascript                https://b.stripecdn.com/mkt-ssr-statics/assets/_next/static/chunks/83368.b3e58e19c5e9d25c.js
[2026-10-05T11:21:49.109Z] [DEBUG]   [VISIBILITY FREEZE WARN] Too many arguments. If you need to pass more than 1 argument to the function wrap them in an object.
[2026-10-05T11:21:49.308Z] [DEBUG]   [SHELL CAPTURE] clonyfy-shell-0-1791199309117 -> /_assets/shell_47d43d6e7d51ef4e.png (116.2KB)
[2026-10-05T11:21:49.458Z] [DEBUG]   [SHELL CAPTURE] clonyfy-shell-2-1791199309118 -> /_assets/shell_80701abf913eafcf.png (11.4KB)
[2026-10-05T11:21:49.603Z] [DEBUG]   [SHELL CAPTURE] clonyfy-shell-4-1791199309119 -> /_assets/shell_0c7bf87904acc4bc.png (79.3KB)
[2026-10-05T11:21:49.787Z] [DEBUG]   [SHELL CAPTURE] clonyfy-shell-6-1791199309119 -> /_assets/shell_823f6eb6a7eda556.png (87.4KB)
[2026-10-05T11:21:49.813Z] [DEBUG]   [CAROUSEL NORMALIZE WARN] page.evaluate: ReferenceError: normalizeCarouselsInDocument is not defined
    at normalizeAllMotionStacksInDocument (eval at evaluate (:302:30), <anonymous>:2:3)
    at UtilityScript.evaluate (<anonymous>:304:16)
    at UtilityScript.<anonymous> (<anonymous>:1:44)
[2026-10-05T11:21:49.853Z] [DEBUG]   [INTERACTIONS] https://stripe.com/: 20 trigger(s) recorded in 40ms
[2026-10-05T11:21:50.099Z] [DEBUG]   [PAGE DONE] https://stripe.com/
    network=301 intercepted=249 saved=6 skipped=0
    css_files=8 css_rewritten=1 css_urls_fixed=3
    links_found=190 console_errors=0
[2026-10-05T11:22:00.937Z] [DEBUG]   [REWRITE] https://stripe.com/
    attrs_rewritten_to_assets=318  style_blocks_rewritten=0  inline_scripts_rewritten=2
    attrs_converted_to_relative=263  external_urls_unchanged=32
[2026-10-05T11:22:00.952Z] [INFO]   [1/1] ✓ https://stripe.com/  (assets: 279, network: 253)
[2026-10-05T11:22:00.956Z] [INFO]   Sitemap seeding skipped — page budget already filled by discovered links
[2026-10-05T11:22:00.964Z] [DEBUG]   [FETCH FAIL] https://stripe.com/_assets/shell_47d43d6e7d51ef4e.png: route.fetch: Target page, context or browser has been closed
Call log:
  - → GET https://stripe.com/_assets/shell_47d43d6e7d51ef4e.png
    - user-agent: Mozilla/5.0 (Windows NT 10.0; Win64; x64) AppleWebKit/537.36 (KHTML, like Gecko) Chrome/120.0.0.0 Safari/537.36
    - accept: image/avif,image/webp,image/apng,image/svg+xml,image/*,*/*;q=0.8
    - accept-encoding: gzip,deflate,br
    - Accept-Language: en-US,en;q=0.9
    - cookie: cid=96a65f0f-30e1-427c-845f-7c2422f57909; __Secure-sid=b477da9b-1333-4aa9-ba3a-57ef0e01ce67
    - referer: https://stripe.com/
    - sec-ch-ua: "Chromium";v="154", "Microsoft Edge";v="154", "Not A(Brand";v="99"
    - sec-ch-ua-mobile: ?0
    - sec-ch-ua-platform: "Windows"
  - ← 404 Not Found
    - server: nginx
    - date: Mon, 05 Oct 2026 11:21:51 GMT
    - content-type: text/html; charset=utf-8
    - transfer-encoding: chunked
    - connection: keep-alive
    - content-security-policy: base-uri 'none'; connect-src https://c.increment.com https://c.stripe.dev https://c.stripe.global https://c.stripe.partners blob: https://b.stripecdn.com https://climate.stripe.com https://errors.stripe.com https://ext.stripe.com https://r.stripe.com https://stripe-images.s3.us-west-1.amazonaws.com https://stripe.com https://y4pfttj91h-1.algolianet.com/1/indexes/mkt_partners/query https://y4pfttj91h-2.algolianet.com/1/indexes/mkt_partners/query https://y4pfttj91h-3.algolianet.com/1/indexes/mkt_partners/query https://y4pfttj91h-dsn.algolia.net/1/indexes/mkt_partners/query https://tax-connectors.stripe.com 'self'; default-src 'none'; font-src https://b.stripecdn.com 'self'; form-action https://climate.stripe.com https://stripe.com 'self'; frame-ancestors https://app.contentful.com 'self'; frame-src https://checkout.stripe.dev https://support-conversations.stripe.com https://b.stripecdn.com https://checkout.stripe.com https://crypto-js.stripe.com https://js.stripe.com 'self'; img-src data: https://assets.ctfassets.net https://assets.stripeassets.com https://b.stripecdn.com https://images.ctfassets.net https://images.stripeassets.com https://q.stripe.com https://stripe-camo.global.ssl.fastly.net 'self'; media-src https://assets.ctfassets.net https://assets.stripeassets.com https://b.stripecdn.com https://videos.ctfassets.net https://videos.stripeassets.com 'self'; script-src https://b.stripecdn.com https://crypto-js.stripe.com https://js.stripe.com 'self' 'sha256-3aWvb9tRBjmz1OjR3n7mwiTm94+s4iki4mMZF82asmc=' 'sha256-5LtzXhT7UFn+GqP5pKEMGL08UNZsrzANHFEBW/mQHGw=' 'sha256-beLzNcen8LrazzSCRjAapoIMTgJI0osPWGNSX7aK6lc=' 'sha256-cCM0Z4lzGkzQnmbdVw+ouz0JRawyaKcZ4yiqzqYS7ek=' 'sha256-vTifGUJH6hJYTvstw4xJ4xfr/vE0ELkOV4GpCumyqfg=' 'sha256-KxhSaxKB5RFTQsqfRwp+zG7iLjvMrTAySqnSvWlqct0=' 'sha256-tMuJ8c00j54yuxogrdIJeGhNVB350dc56i969XRz/Mc=' 'sha256-aEFSvCaVnb2wNwuO3IzA8J44RdTKt6vms9beA7BcCYg=' 'sha256-0SWEc2BfR2o77i2vUiNNIrFKQkjc2Ujsr2hlfZ6oUek=' 'report-sample'; style-src https://b.stripecdn.com 'self' 'unsafe-inline'; worker-src 'none'; upgrade-insecure-requests; report-uri https://q.stripe.com/csp-violation?q=8oAl7n9LNPuItW9UWOVxW8SLhcImByjDM3v6ChVeV9Vk5vXFe_esuvjCNz3YJrE%3D; report-to csp
    - cross-origin-opener-policy: same-origin-allow-popups; report-to="wsp_coop"
    - cross-origin-opener-policy-report-only: same-origin-allow-popups; report-to="wsp_coop"
    - report-to: {"group":"coop","max_age":8640,"endpoints":[{"url":"https://q.stripe.com/coop-report"}],"include_subdomains":true}, {"group":"wsp_coop","max_age":8640,"endpoints":[{"url":"https://q.stripe.com/coop-report?s=8oAl7n9LNPuItW9UWOVxW8SLhcImByjDM3v6ChVeV9Vk5vXFe_esuvjCNz3YJrE="}],"include_subdomains":true}, {"group":"wsp_coep","max_age":8640,"endpoints":[{"url":"https://q.stripe.com/coep-report?s=8oAl7n9LNPuItW9UWOVxW8SLhcImByjDM3v6ChVeV9Vk5vXFe_esuvjCNz3YJrE="}],"include_subdomains":true}, {"group":"csp","max_age":8640,"endpoints":[{"url":"https://q.stripe.com/csp-report-v2?q=8oAl7n9LNPuItW9UWOVxW8SLhcImByjDM3v6ChVeV9Vk5vXFe_esuvjCNz3YJrE%3D&t=1"}],"include_subdomains":true}
    - reporting-endpoints: coop="https://q.stripe.com/coop-report", wsp_coop="https://q.stripe.com/coop-report?s=8oAl7n9LNPuItW9UWOVxW8SLhcImByjDM3v6ChVeV9Vk5vXFe_esuvjCNz3YJrE=", wsp_coep="https://q.stripe.com/coep-report?s=8oAl7n9LNPuItW9UWOVxW8SLhcImByjDM3v6ChVeV9Vk5vXFe_esuvjCNz3YJrE=", csp="https://q.stripe.com/csp-report-v2?q=8oAl7n9LNPuItW9UWOVxW8SLhcImByjDM3v6ChVeV9Vk5vXFe_esuvjCNz3YJrE%3D&t=1"
    - x-content-type-options: nosniff
    - x-frame-options: SAMEORIGIN
    - x-stripe-proxy-response: upstream
    - x-stripe-server-rpc-duration-micros: 37516
    - x-wc: 3ff
    - strict-transport-security: max-age=63072000; includeSubDomains; preload
    - content-encoding: gzip

[2026-10-05T11:22:00.964Z] [DEBUG]   [FETCH FAIL] https://stripe.com/_assets/shell_80701abf913eafcf.png: route.fetch: Target page, context or browser has been closed
Call log:
  - → GET https://stripe.com/_assets/shell_80701abf913eafcf.png
    - user-agent: Mozilla/5.0 (Windows NT 10.0; Win64; x64) AppleWebKit/537.36 (KHTML, like Gecko) Chrome/120.0.0.0 Safari/537.36
    - accept: image/avif,image/webp,image/apng,image/svg+xml,image/*,*/*;q=0.8
    - accept-encoding: gzip,deflate,br
    - Accept-Language: en-US,en;q=0.9
    - cookie: cid=96a65f0f-30e1-427c-845f-7c2422f57909; __Secure-sid=b477da9b-1333-4aa9-ba3a-57ef0e01ce67
    - referer: https://stripe.com/
    - sec-ch-ua: "Chromium";v="154", "Microsoft Edge";v="154", "Not A(Brand";v="99"
    - sec-ch-ua-mobile: ?0
    - sec-ch-ua-platform: "Windows"
  - ← 404 Not Found
    - server: nginx
    - date: Mon, 05 Oct 2026 11:21:51 GMT
    - content-type: text/html; charset=utf-8
    - transfer-encoding: chunked
    - connection: keep-alive
    - content-security-policy: base-uri 'none'; connect-src https://c.increment.com https://c.stripe.dev https://c.stripe.global https://c.stripe.partners blob: https://b.stripecdn.com https://climate.stripe.com https://errors.stripe.com https://ext.stripe.com https://r.stripe.com https://stripe-images.s3.us-west-1.amazonaws.com https://stripe.com https://y4pfttj91h-1.algolianet.com/1/indexes/mkt_partners/query https://y4pfttj91h-2.algolianet.com/1/indexes/mkt_partners/query https://y4pfttj91h-3.algolianet.com/1/indexes/mkt_partners/query https://y4pfttj91h-dsn.algolia.net/1/indexes/mkt_partners/query https://tax-connectors.stripe.com 'self'; default-src 'none'; font-src https://b.stripecdn.com 'self'; form-action https://climate.stripe.com https://stripe.com 'self'; frame-ancestors https://app.contentful.com 'self'; frame-src https://checkout.stripe.dev https://support-conversations.stripe.com https://b.stripecdn.com https://checkout.stripe.com https://crypto-js.stripe.com https://js.stripe.com 'self'; img-src data: https://assets.ctfassets.net https://assets.stripeassets.com https://b.stripecdn.com https://images.ctfassets.net https://images.stripeassets.com https://q.stripe.com https://stripe-camo.global.ssl.fastly.net 'self'; media-src https://assets.ctfassets.net https://assets.stripeassets.com https://b.stripecdn.com https://videos.ctfassets.net https://videos.stripeassets.com 'self'; script-src https://b.stripecdn.com https://crypto-js.stripe.com https://js.stripe.com 'self' 'sha256-3aWvb9tRBjmz1OjR3n7mwiTm94+s4iki4mMZF82asmc=' 'sha256-5LtzXhT7UFn+GqP5pKEMGL08UNZsrzANHFEBW/mQHGw=' 'sha256-beLzNcen8LrazzSCRjAapoIMTgJI0osPWGNSX7aK6lc=' 'sha256-cCM0Z4lzGkzQnmbdVw+ouz0JRawyaKcZ4yiqzqYS7ek=' 'sha256-vTifGUJH6hJYTvstw4xJ4xfr/vE0ELkOV4GpCumyqfg=' 'sha256-KxhSaxKB5RFTQsqfRwp+zG7iLjvMrTAySqnSvWlqct0=' 'sha256-tMuJ8c00j54yuxogrdIJeGhNVB350dc56i969XRz/Mc=' 'sha256-aEFSvCaVnb2wNwuO3IzA8J44RdTKt6vms9beA7BcCYg=' 'sha256-0SWEc2BfR2o77i2vUiNNIrFKQkjc2Ujsr2hlfZ6oUek=' 'report-sample'; style-src https://b.stripecdn.com 'self' 'unsafe-inline'; worker-src 'none'; upgrade-insecure-requests; report-uri https://q.stripe.com/csp-violation?q=Q2LH0x_N6KnJ7W40RHHl3STYt53ClJxiUOnqIDwrp8NzcRcmxKgIgVsMoLHjbDA%3D; report-to csp
    - cross-origin-opener-policy: same-origin-allow-popups; report-to="wsp_coop"
    - cross-origin-opener-policy-report-only: same-origin-allow-popups; report-to="wsp_coop"
    - report-to: {"group":"coop","max_age":8640,"endpoints":[{"url":"https://q.stripe.com/coop-report"}],"include_subdomains":true}, {"group":"wsp_coop","max_age":8640,"endpoints":[{"url":"https://q.stripe.com/coop-report?s=Q2LH0x_N6KnJ7W40RHHl3STYt53ClJxiUOnqIDwrp8NzcRcmxKgIgVsMoLHjbDA="}],"include_subdomains":true}, {"group":"wsp_coep","max_age":8640,"endpoints":[{"url":"https://q.stripe.com/coep-report?s=Q2LH0x_N6KnJ7W40RHHl3STYt53ClJxiUOnqIDwrp8NzcRcmxKgIgVsMoLHjbDA="}],"include_subdomains":true}, {"group":"csp","max_age":8640,"endpoints":[{"url":"https://q.stripe.com/csp-report-v2?q=Q2LH0x_N6KnJ7W40RHHl3STYt53ClJxiUOnqIDwrp8NzcRcmxKgIgVsMoLHjbDA%3D&t=1"}],"include_subdomains":true}
    - reporting-endpoints: coop="https://q.stripe.com/coop-report", wsp_coop="https://q.stripe.com/coop-report?s=Q2LH0x_N6KnJ7W40RHHl3STYt53ClJxiUOnqIDwrp8NzcRcmxKgIgVsMoLHjbDA=", wsp_coep="https://q.stripe.com/coep-report?s=Q2LH0x_N6KnJ7W40RHHl3STYt53ClJxiUOnqIDwrp8NzcRcmxKgIgVsMoLHjbDA=", csp="https://q.stripe.com/csp-report-v2?q=Q2LH0x_N6KnJ7W40RHHl3STYt53ClJxiUOnqIDwrp8NzcRcmxKgIgVsMoLHjbDA%3D&t=1"
    - x-content-type-options: nosniff
    - x-frame-options: SAMEORIGIN
    - x-stripe-proxy-response: upstream
    - x-stripe-server-rpc-duration-micros: 38655
    - x-wc: 3ff
    - strict-transport-security: max-age=63072000; includeSubDomains; preload
    - content-encoding: gzip

[2026-10-05T11:22:00.964Z] [DEBUG]   [FETCH FAIL] https://stripe.com/_assets/shell_0c7bf87904acc4bc.png: route.fetch: Target page, context or browser has been closed
Call log:
  - → GET https://stripe.com/_assets/shell_0c7bf87904acc4bc.png
    - user-agent: Mozilla/5.0 (Windows NT 10.0; Win64; x64) AppleWebKit/537.36 (KHTML, like Gecko) Chrome/120.0.0.0 Safari/537.36
    - accept: image/avif,image/webp,image/apng,image/svg+xml,image/*,*/*;q=0.8
    - accept-encoding: gzip,deflate,br
    - Accept-Language: en-US,en;q=0.9
    - cookie: cid=96a65f0f-30e1-427c-845f-7c2422f57909; __Secure-sid=b477da9b-1333-4aa9-ba3a-57ef0e01ce67
    - referer: https://stripe.com/
    - sec-ch-ua: "Chromium";v="154", "Microsoft Edge";v="154", "Not A(Brand";v="99"
    - sec-ch-ua-mobile: ?0
    - sec-ch-ua-platform: "Windows"
  - ← 404 Not Found
    - server: nginx
    - date: Mon, 05 Oct 2026 11:21:51 GMT
    - content-type: text/html; charset=utf-8
    - transfer-encoding: chunked
    - connection: keep-alive
    - content-security-policy: base-uri 'none'; connect-src https://c.increment.com https://c.stripe.dev https://c.stripe.global https://c.stripe.partners blob: https://b.stripecdn.com https://climate.stripe.com https://errors.stripe.com https://ext.stripe.com https://r.stripe.com https://stripe-images.s3.us-west-1.amazonaws.com https://stripe.com https://y4pfttj91h-1.algolianet.com/1/indexes/mkt_partners/query https://y4pfttj91h-2.algolianet.com/1/indexes/mkt_partners/query https://y4pfttj91h-3.algolianet.com/1/indexes/mkt_partners/query https://y4pfttj91h-dsn.algolia.net/1/indexes/mkt_partners/query https://tax-connectors.stripe.com 'self'; default-src 'none'; font-src https://b.stripecdn.com 'self'; form-action https://climate.stripe.com https://stripe.com 'self'; frame-ancestors https://app.contentful.com 'self'; frame-src https://checkout.stripe.dev https://support-conversations.stripe.com https://b.stripecdn.com https://checkout.stripe.com https://crypto-js.stripe.com https://js.stripe.com 'self'; img-src data: https://assets.ctfassets.net https://assets.stripeassets.com https://b.stripecdn.com https://images.ctfassets.net https://images.stripeassets.com https://q.stripe.com https://stripe-camo.global.ssl.fastly.net 'self'; media-src https://assets.ctfassets.net https://assets.stripeassets.com https://b.stripecdn.com https://videos.ctfassets.net https://videos.stripeassets.com 'self'; script-src https://b.stripecdn.com https://crypto-js.stripe.com https://js.stripe.com 'self' 'sha256-3aWvb9tRBjmz1OjR3n7mwiTm94+s4iki4mMZF82asmc=' 'sha256-5LtzXhT7UFn+GqP5pKEMGL08UNZsrzANHFEBW/mQHGw=' 'sha256-beLzNcen8LrazzSCRjAapoIMTgJI0osPWGNSX7aK6lc=' 'sha256-cCM0Z4lzGkzQnmbdVw+ouz0JRawyaKcZ4yiqzqYS7ek=' 'sha256-vTifGUJH6hJYTvstw4xJ4xfr/vE0ELkOV4GpCumyqfg=' 'sha256-KxhSaxKB5RFTQsqfRwp+zG7iLjvMrTAySqnSvWlqct0=' 'sha256-tMuJ8c00j54yuxogrdIJeGhNVB350dc56i969XRz/Mc=' 'sha256-aEFSvCaVnb2wNwuO3IzA8J44RdTKt6vms9beA7BcCYg=' 'sha256-0SWEc2BfR2o77i2vUiNNIrFKQkjc2Ujsr2hlfZ6oUek=' 'report-sample'; style-src https://b.stripecdn.com 'self' 'unsafe-inline'; worker-src 'none'; upgrade-insecure-requests; report-uri https://q.stripe.com/csp-violation?q=6rXePvUgmP6plXwx7mCfZbJjbwl39NmRKr0VCoeCW_a9SatYhLNUc2P-2YbTQEM%3D; report-to csp
    - cross-origin-opener-policy: same-origin-allow-popups; report-to="wsp_coop"
    - cross-origin-opener-policy-report-only: same-origin-allow-popups; report-to="wsp_coop"
    - report-to: {"group":"coop","max_age":8640,"endpoints":[{"url":"https://q.stripe.com/coop-report"}],"include_subdomains":true}, {"group":"wsp_coop","max_age":8640,"endpoints":[{"url":"https://q.stripe.com/coop-report?s=6rXePvUgmP6plXwx7mCfZbJjbwl39NmRKr0VCoeCW_a9SatYhLNUc2P-2YbTQEM="}],"include_subdomains":true}, {"group":"wsp_coep","max_age":8640,"endpoints":[{"url":"https://q.stripe.com/coep-report?s=6rXePvUgmP6plXwx7mCfZbJjbwl39NmRKr0VCoeCW_a9SatYhLNUc2P-2YbTQEM="}],"include_subdomains":true}, {"group":"csp","max_age":8640,"endpoints":[{"url":"https://q.stripe.com/csp-report-v2?q=6rXePvUgmP6plXwx7mCfZbJjbwl39NmRKr0VCoeCW_a9SatYhLNUc2P-2YbTQEM%3D&t=1"}],"include_subdomains":true}
    - reporting-endpoints: coop="https://q.stripe.com/coop-report", wsp_coop="https://q.stripe.com/coop-report?s=6rXePvUgmP6plXwx7mCfZbJjbwl39NmRKr0VCoeCW_a9SatYhLNUc2P-2YbTQEM=", wsp_coep="https://q.stripe.com/coep-report?s=6rXePvUgmP6plXwx7mCfZbJjbwl39NmRKr0VCoeCW_a9SatYhLNUc2P-2YbTQEM=", csp="https://q.stripe.com/csp-report-v2?q=6rXePvUgmP6plXwx7mCfZbJjbwl39NmRKr0VCoeCW_a9SatYhLNUc2P-2YbTQEM%3D&t=1"
    - x-content-type-options: nosniff
    - x-frame-options: SAMEORIGIN
    - x-stripe-proxy-response: upstream
    - x-stripe-server-rpc-duration-micros: 37513
    - x-wc: 3ff
    - strict-transport-security: max-age=63072000; includeSubDomains; preload
    - content-encoding: gzip

[2026-10-05T11:22:00.965Z] [DEBUG]   [FETCH FAIL] https://stripe.com/_assets/shell_823f6eb6a7eda556.png: route.fetch: Target page, context or browser has been closed
Call log:
  - → GET https://stripe.com/_assets/shell_823f6eb6a7eda556.png
    - user-agent: Mozilla/5.0 (Windows NT 10.0; Win64; x64) AppleWebKit/537.36 (KHTML, like Gecko) Chrome/120.0.0.0 Safari/537.36
    - accept: image/avif,image/webp,image/apng,image/svg+xml,image/*,*/*;q=0.8
    - accept-encoding: gzip,deflate,br
    - Accept-Language: en-US,en;q=0.9
    - cookie: cid=96a65f0f-30e1-427c-845f-7c2422f57909; __Secure-sid=b477da9b-1333-4aa9-ba3a-57ef0e01ce67
    - referer: https://stripe.com/
    - sec-ch-ua: "Chromium";v="154", "Microsoft Edge";v="154", "Not A(Brand";v="99"
    - sec-ch-ua-mobile: ?0
    - sec-ch-ua-platform: "Windows"
  - ← 404 Not Found
    - server: nginx
    - date: Mon, 05 Oct 2026 11:21:51 GMT
    - content-type: text/html; charset=utf-8
    - transfer-encoding: chunked
    - connection: keep-alive
    - content-security-policy: base-uri 'none'; connect-src https://c.increment.com https://c.stripe.dev https://c.stripe.global https://c.stripe.partners blob: https://b.stripecdn.com https://climate.stripe.com https://errors.stripe.com https://ext.stripe.com https://r.stripe.com https://stripe-images.s3.us-west-1.amazonaws.com https://stripe.com https://y4pfttj91h-1.algolianet.com/1/indexes/mkt_partners/query https://y4pfttj91h-2.algolianet.com/1/indexes/mkt_partners/query https://y4pfttj91h-3.algolianet.com/1/indexes/mkt_partners/query https://y4pfttj91h-dsn.algolia.net/1/indexes/mkt_partners/query https://tax-connectors.stripe.com 'self'; default-src 'none'; font-src https://b.stripecdn.com 'self'; form-action https://climate.stripe.com https://stripe.com 'self'; frame-ancestors https://app.contentful.com 'self'; frame-src https://checkout.stripe.dev https://support-conversations.stripe.com https://b.stripecdn.com https://checkout.stripe.com https://crypto-js.stripe.com https://js.stripe.com 'self'; img-src data: https://assets.ctfassets.net https://assets.stripeassets.com https://b.stripecdn.com https://images.ctfassets.net https://images.stripeassets.com https://q.stripe.com https://stripe-camo.global.ssl.fastly.net 'self'; media-src https://assets.ctfassets.net https://assets.stripeassets.com https://b.stripecdn.com https://videos.ctfassets.net https://videos.stripeassets.com 'self'; script-src https://b.stripecdn.com https://crypto-js.stripe.com https://js.stripe.com 'self' 'sha256-3aWvb9tRBjmz1OjR3n7mwiTm94+s4iki4mMZF82asmc=' 'sha256-5LtzXhT7UFn+GqP5pKEMGL08UNZsrzANHFEBW/mQHGw=' 'sha256-beLzNcen8LrazzSCRjAapoIMTgJI0osPWGNSX7aK6lc=' 'sha256-cCM0Z4lzGkzQnmbdVw+ouz0JRawyaKcZ4yiqzqYS7ek=' 'sha256-vTifGUJH6hJYTvstw4xJ4xfr/vE0ELkOV4GpCumyqfg=' 'sha256-KxhSaxKB5RFTQsqfRwp+zG7iLjvMrTAySqnSvWlqct0=' 'sha256-tMuJ8c00j54yuxogrdIJeGhNVB350dc56i969XRz/Mc=' 'sha256-aEFSvCaVnb2wNwuO3IzA8J44RdTKt6vms9beA7BcCYg=' 'sha256-0SWEc2BfR2o77i2vUiNNIrFKQkjc2Ujsr2hlfZ6oUek=' 'report-sample'; style-src https://b.stripecdn.com 'self' 'unsafe-inline'; worker-src 'none'; upgrade-insecure-requests; report-uri https://q.stripe.com/csp-violation?q=RPyOc3BHYn1r6NGExgTTwYVtIoO9aRXs3QiopwX_q08y8tjq-z0wOFgvre-x1hU%3D; report-to csp
    - cross-origin-opener-policy: same-origin-allow-popups; report-to="wsp_coop"
    - cross-origin-opener-policy-report-only: same-origin-allow-popups; report-to="wsp_coop"
    - report-to: {"group":"coop","max_age":8640,"endpoints":[{"url":"https://q.stripe.com/coop-report"}],"include_subdomains":true}, {"group":"wsp_coop","max_age":8640,"endpoints":[{"url":"https://q.stripe.com/coop-report?s=RPyOc3BHYn1r6NGExgTTwYVtIoO9aRXs3QiopwX_q08y8tjq-z0wOFgvre-x1hU="}],"include_subdomains":true}, {"group":"wsp_coep","max_age":8640,"endpoints":[{"url":"https://q.stripe.com/coep-report?s=RPyOc3BHYn1r6NGExgTTwYVtIoO9aRXs3QiopwX_q08y8tjq-z0wOFgvre-x1hU="}],"include_subdomains":true}, {"group":"csp","max_age":8640,"endpoints":[{"url":"https://q.stripe.com/csp-report-v2?q=RPyOc3BHYn1r6NGExgTTwYVtIoO9aRXs3QiopwX_q08y8tjq-z0wOFgvre-x1hU%3D&t=1"}],"include_subdomains":true}
    - reporting-endpoints: coop="https://q.stripe.com/coop-report", wsp_coop="https://q.stripe.com/coop-report?s=RPyOc3BHYn1r6NGExgTTwYVtIoO9aRXs3QiopwX_q08y8tjq-z0wOFgvre-x1hU=", wsp_coep="https://q.stripe.com/coep-report?s=RPyOc3BHYn1r6NGExgTTwYVtIoO9aRXs3QiopwX_q08y8tjq-z0wOFgvre-x1hU=", csp="https://q.stripe.com/csp-report-v2?q=RPyOc3BHYn1r6NGExgTTwYVtIoO9aRXs3QiopwX_q08y8tjq-z0wOFgvre-x1hU%3D&t=1"
    - x-content-type-options: nosniff
    - x-frame-options: SAMEORIGIN
    - x-stripe-proxy-response: upstream
    - x-stripe-server-rpc-duration-micros: 35889
    - x-wc: 3ff
    - strict-transport-security: max-age=63072000; includeSubDomains; preload
    - content-encoding: gzip

[2026-10-05T11:22:02.533Z] [INFO] 
Captured 1 page(s).
[2026-10-05T11:22:02.533Z] [INFO] 
--- Page Summary ---
[2026-10-05T11:22:02.533Z] [INFO]   https://stripe.com/
[2026-10-05T11:22:02.533Z] [INFO]     assets=279  network_entries=253
[2026-10-05T11:22:14.405Z] [DEBUG]   [REWRITE] https://stripe.com/
    attrs_rewritten_to_assets=0  style_blocks_rewritten=0  inline_scripts_rewritten=0
    attrs_converted_to_relative=581  external_urls_unchanged=32
[2026-10-05T11:22:14.420Z] [INFO] 
Total network entries across all pages: 253
[2026-10-05T11:22:14.421Z] [INFO] Detected 2 API route(s).
[2026-10-05T11:22:14.421Z] [INFO] 
--- API Routes ---
[2026-10-05T11:22:14.421Z] [INFO]   GET    /cookie-settings/enforcement-mode
[2026-10-05T11:22:14.421Z] [DEBUG]     fixture=GET_cookie-settings_enforcement-mode  fields=
[2026-10-05T11:22:14.421Z] [DEBUG]     response: HTTP 200
[2026-10-05T11:22:14.421Z] [INFO]   GET    /en-jp/notifications
[2026-10-05T11:22:14.421Z] [DEBUG]     fixture=GET_en-jp_notifications  fields=
[2026-10-05T11:22:14.421Z] [DEBUG]     response: HTTP 200
[2026-10-05T11:22:14.422Z] [INFO] 
Total unique assets saved: 279
[2026-10-05T11:22:14.422Z] [INFO] 
--- Captured Routes ---
[2026-10-05T11:22:14.422Z] [INFO]   /
[2026-10-05T11:22:14.422Z] [INFO] 
No console errors recorded.
[2026-10-05T11:22:14.444Z] [INFO] 
Generating Next.js app...
[2026-10-05T11:22:14.537Z] [INFO] 
=== DONE ===
[2026-10-05T11:22:14.537Z] [INFO] Output dir  : E:\task\clonify.com\backend\output\stripe-com-56a93c
[2026-10-05T11:22:14.537Z] [INFO] Pages       : 1
[2026-10-05T11:22:14.537Z] [INFO] Assets      : 279
[2026-10-05T11:22:14.537Z] [INFO] API routes  : 2
[2026-10-05T11:22:14.537Z] [INFO] Log file    : E:\task\clonify.com\backend\output\stripe-com-56a93c\cloner.log
[2026-10-05T11:22:14.537Z] [INFO] 
Next steps:
[2026-10-05T11:22:14.537Z] [INFO]   cd "E:\task\clonify.com\backend\output\stripe-com-56a93c"
[2026-10-05T11:22:14.537Z] [INFO]   npm install
[2026-10-05T11:22:14.537Z] [INFO]   npm run dev    # -> http://localhost:3000
